s_no,Class,ClassID,Latitude,Longitude
1,Natural Vegetation,3,34.133042296,77.502827685
2,Natural Vegetation,3,34.131855721,77.502824648
3,Natural Vegetation,3,34.131310902,77.508318167
4,Natural Vegetation,3,34.126736511,77.507776477
5,Natural Vegetation,3,34.127233288,77.514034472
6,Natural Vegetation,3,34.126545983,77.515514668
7,Natural Vegetation,3,34.12534631,77.521182372
8,Natural Vegetation,3,34.123658918,77.517991162
9,Natural Vegetation,3,34.121917002,77.519973681
10,Natural Vegetation,3,34.12292401,77.524341819
11,Natural Vegetation,3,34.121098095,77.522278744
12,Natural Vegetation,3,34.120636513,77.513433993
13,Natural Vegetation,3,34.11607744,77.524144539
14,Natural Vegetation,3,34.120328116,77.525685137
15,Natural Vegetation,3,34.117343664,77.526352164
16,Natural Vegetation,3,34.117595874,77.529677013
17,Natural Vegetation,3,34.112822662,77.524608165
18,Natural Vegetation,3,34.124167718,77.530370164
19,Natural Vegetation,3,34.124267393,77.534963135
20,Natural Vegetation,3,34.119913272,77.532589865
21,Natural Vegetation,3,34.112488074,77.529926486
22,Natural Vegetation,3,34.121829786,77.537328759
23,Natural Vegetation,3,34.116858997,77.543031947
24,Natural Vegetation,3,34.117752359,77.548735159
25,Natural Vegetation,3,34.11324735,77.548819373
26,Natural Vegetation,3,34.109519402,77.55112454
27,Natural Vegetation,3,34.10645483,77.549551938
28,Natural Vegetation,3,34.115378857,77.560707658
29,Natural Vegetation,3,34.113730159,77.562042265
30,Natural Vegetation,3,34.111856451,77.565872317
31,Natural Vegetation,3,34.112169768,77.556806178
32,Natural Vegetation,3,34.111137742,77.562240226
33,Natural Vegetation,3,34.106376149,77.563170612
34,Natural Vegetation,3,34.109688976,77.566747542
35,Natural Vegetation,3,34.110765634,77.568410829
36,Natural Vegetation,3,34.118399139,77.572707842
37,Natural Vegetation,3,34.116888049,77.575142593
38,Natural Vegetation,3,34.11558472,77.577076894
39,Natural Vegetation,3,34.110008991,77.576421235
40,Natural Vegetation,3,34.108685085,77.577824831
41,Natural Vegetation,3,34.103743847,77.569020854
42,Natural Vegetation,3,34.105110948,77.580028831
43,Natural Vegetation,3,34.110935709,77.580717117
44,Natural Vegetation,3,34.113055641,77.580596461
45,Natural Vegetation,3,34.111543368,77.584993958
46,Natural Vegetation,3,34.109188499,77.583706593
47,Natural Vegetation,3,34.100283349,77.578078505
48,Natural Vegetation,3,34.103549422,77.586778423
49,Natural Vegetation,3,34.09696289,77.585203487
50,Natural Vegetation,3,34.098522817,77.589928023
51,Natural Vegetation,3,34.099557804,77.595272901
52,Natural Vegetation,3,34.09699826,77.596898756
53,Natural Vegetation,3,34.094765305,77.596930936
54,Natural Vegetation,3,34.096010197,77.598773376
55,Natural Vegetation,3,34.093666076,77.600010389
56,Natural Vegetation,3,34.089830822,77.593495685
57,Natural Vegetation,3,34.091230119,77.597513313
58,Natural Vegetation,3,34.092112314,77.604976956
59,Natural Vegetation,3,34.088921337,77.606727575
60,Natural Vegetation,3,34.087358666,77.600853167
61,Natural Vegetation,3,34.084301399,77.59599872
62,Natural Vegetation,3,34.084007377,77.599642169
63,Natural Vegetation,3,34.078763916,77.59860755
64,Natural Vegetation,3,34.079880108,77.606897377
65,Natural Vegetation,3,34.076916102,77.601929779
66,Natural Vegetation,3,34.074348934,77.60021862
67,Natural Vegetation,3,34.0734708,77.603551295
68,Natural Vegetation,3,34.0707419,77.603121117
69,Natural Vegetation,3,34.076886345,77.610546953
70,Natural Vegetation,3,34.081093657,77.621533431
71,Natural Vegetation,3,34.081948916,77.626211727
72,Natural Vegetation,3,34.087358851,77.622350251
73,Natural Vegetation,3,34.076851792,77.622832862
74,Natural Vegetation,3,34.079166499,77.625454619
75,Natural Vegetation,3,34.083432201,77.629263244
76,Natural Vegetation,3,34.078610537,77.628395641
77,Natural Vegetation,3,34.069385209,77.607891779
78,Natural Vegetation,3,34.069284915,77.610958608
79,Natural Vegetation,3,34.070018877,77.632170042
80,Natural Vegetation,3,34.070024136,77.624937925
81,Natural Vegetation,3,34.062171467,77.615735728
82,Natural Vegetation,3,34.060044819,77.61987194
83,Natural Vegetation,3,34.060863684,77.625908425
84,Natural Vegetation,3,34.070703881,77.638671241
85,Natural Vegetation,3,34.069719022,77.646258521
86,Natural Vegetation,3,34.067825053,77.649012616
87,Natural Vegetation,3,34.065633886,77.644170374
88,Natural Vegetation,3,34.056618188,77.629834571
89,Natural Vegetation,3,34.055089386,77.628384427
90,Natural Vegetation,3,34.052645542,77.630591369
91,Natural Vegetation,3,34.047857047,77.632509566
92,Natural Vegetation,3,34.050733908,77.636894854
93,Natural Vegetation,3,34.05840872,77.644424024
94,Natural Vegetation,3,34.061430272,77.646807724
95,Natural Vegetation,3,34.064613884,77.651722269
96,Natural Vegetation,3,34.063371932,77.654757122
97,Natural Vegetation,3,34.061649725,77.657932125
98,Natural Vegetation,3,34.058949818,77.666658319
99,Natural Vegetation,3,34.050895801,77.663333854
100,Natural Vegetation,3,34.044874315,77.662654043
101,Natural Vegetation,3,34.036208087,77.668733671
102,Natural Vegetation,3,34.042788482,77.67380861
103,Natural Vegetation,3,34.040220512,77.681985913
104,Natural Vegetation,3,34.034118251,77.679808732
105,Natural Vegetation,3,34.030264656,77.670154922
106,Natural Vegetation,3,34.035731159,77.650809543
107,Natural Vegetation,3,34.033591114,77.658883367
108,Natural Vegetation,3,34.028153254,77.661056036
109,Natural Vegetation,3,34.027181048,77.669046813
110,Natural Vegetation,3,34.027241106,77.678930536
111,Natural Vegetation,3,34.019847526,77.680718619
112,Natural Vegetation,3,34.018356101,77.684692275
113,Natural Vegetation,3,34.013391466,77.676217441
114,Natural Vegetation,3,34.000667331,77.678424982
115,Natural Vegetation,3,34.004401958,77.690063639
116,Natural Vegetation,3,33.994509672,77.683500669
117,Natural Vegetation,3,33.985806275,77.689153134
118,Natural Vegetation,3,33.948302208,77.722617289
119,Natural Vegetation,3,33.942710836,77.723080122
120,Natural Vegetation,3,33.929603844,77.722754832
121,Natural Vegetation,3,33.914446929,77.73115523
122,Natural Vegetation,3,33.913010108,77.738240807
123,Natural Vegetation,3,33.909778063,77.732978422
124,Natural Vegetation,3,33.908142866,77.735561224
125,Natural Vegetation,3,33.905451626,77.73462287
126,Natural Vegetation,3,33.903000127,77.731838387
127,Natural Vegetation,3,33.902960731,77.735500682
128,Natural Vegetation,3,33.901546086,77.739048984
129,Natural Vegetation,3,33.898294097,77.74458082
130,Natural Vegetation,3,33.904110519,77.742663646
131,Snow/Ice,6,33.91265315,77.645073862
132,Snow/Ice,6,33.929168141,77.623226397
133,Snow/Ice,6,33.996339089,77.450544066
134,Snow/Ice,6,33.975729236,77.449678069
135,Snow/Ice,6,33.959355449,77.465056603
136,Snow/Ice,6,33.942711022,77.488250169
137,Snow/Ice,6,33.924090504,77.513804595
138,Snow/Ice,6,33.893932893,77.54754926
139,Snow/Ice,6,33.868909617,77.602841586
140,Snow/Ice,6,34.257548411,77.649773845
141,Snow/Ice,6,34.234591438,77.66724309
142,Snow/Ice,6,34.228336247,77.693256178
143,Snow/Ice,6,34.22107435,77.717651673
144,Snow/Ice,6,34.196438066,77.719306844
145,Snow/Ice,6,34.16877445,77.740815945
146,Snow/Ice,6,34.121858359,77.78041344
147,Water Bodies,4,34.130380284,77.506214868
148,Water Bodies,4,34.127912093,77.511892524
149,Water Bodies,4,34.120593239,77.521404308
150,Water Bodies,4,34.120156274,77.52500298
151,Water Bodies,4,34.11536876,77.526450321
152,Water Bodies,4,34.111391978,77.546141378
153,Water Bodies,4,34.112282417,77.553772687
154,Water Bodies,4,34.112455733,77.560374264
155,Water Bodies,4,34.106574785,77.573116889
156,Water Bodies,4,34.103401353,77.577904277
157,Water Bodies,4,34.102430591,77.586963286
158,Water Bodies,4,34.099946686,77.594540668
159,Water Bodies,4,34.093151058,77.599023522
160,Water Bodies,4,34.088739563,77.603393757
161,Water Bodies,4,34.085204752,77.606319869
162,Water Bodies,4,34.080030056,77.609630892
163,Water Bodies,4,34.076213214,77.613806432
164,Water Bodies,4,34.074263549,77.619198652
165,Water Bodies,4,34.06916368,77.624055252
166,Water Bodies,4,34.064055652,77.630352832
167,Water Bodies,4,34.060630839,77.640589753
168,Water Bodies,4,34.056298076,77.647236122
169,Water Bodies,4,34.049561802,77.654733472
170,Water Bodies,4,34.040775266,77.66425975
171,Water Bodies,4,34.031220263,77.670550414
172,Water Bodies,4,34.017191474,77.677107432
173,Water Bodies,4,34.008147978,77.687700681
174,Water Bodies,4,33.997195469,77.69672601
175,Water Bodies,4,33.978924657,77.70509468
176,Water Bodies,4,33.958018543,77.717668974
177,Water Bodies,4,33.927720846,77.729486202
178,Water Bodies,4,33.918315937,77.735217087
179,Water Bodies,4,33.912278444,77.742569694
180,Agricultural Land,2,33.904476669,77.740580272
181,Agricultural Land,2,33.903683121,77.736372611
182,Agricultural Land,2,33.908799954,77.737046728
183,Agricultural Land,2,33.914352572,77.738770583
184,Agricultural Land,2,33.915022742,77.732525612
185,Agricultural Land,2,33.913922056,77.735930021
186,Agricultural Land,2,33.921759943,77.733863756
187,Agricultural Land,2,33.931085189,77.727539499
188,Agricultural Land,2,33.933722269,77.727448156
189,Agricultural Land,2,33.933171524,77.722603146
190,Agricultural Land,2,33.937089118,77.725596038
191,Agricultural Land,2,33.941725369,77.724967562
192,Agricultural Land,2,33.987409825,77.689547453
193,Agricultural Land,2,33.990497806,77.691360868
194,Agricultural Land,2,33.99465364,77.690827881
195,Agricultural Land,2,33.993798192,77.68435598
196,Agricultural Land,2,33.998568648,77.678864933
197,Agricultural Land,2,34.00154676,77.681938591
198,Agricultural Land,2,34.006528379,77.677168806
199,Agricultural Land,2,34.011118018,77.67902014
200,Agricultural Land,2,34.013825267,77.677769165
201,Agricultural Land,2,34.013123219,77.68462639
202,Agricultural Land,2,34.018636622,77.679792147
203,Agricultural Land,2,34.023685924,77.679501848
204,Agricultural Land,2,34.02349023,77.685212565
205,Agricultural Land,2,34.02162207,77.673468
206,Agricultural Land,2,34.023503832,77.669059237
207,Agricultural Land,2,34.027254293,77.682167338
208,Agricultural Land,2,34.029137991,77.683294671
209,Agricultural Land,2,34.033161762,77.68431257
210,Agricultural Land,2,34.034894282,77.681059898
211,Agricultural Land,2,34.033206351,77.67470786
212,Agricultural Land,2,34.026908235,77.664791994
213,Agricultural Land,2,34.028706451,77.661143292
214,Agricultural Land,2,34.030935977,77.663718108
215,Agricultural Land,2,34.037039539,77.671228228
216,Agricultural Land,2,34.040847343,77.675971017
217,Agricultural Land,2,34.041560643,77.670123615
218,Agricultural Land,2,34.045422521,77.667980908
219,Agricultural Land,2,34.048741802,77.665230207
220,Agricultural Land,2,34.03241105,77.652792006
221,Agricultural Land,2,34.03285851,77.650035454
222,Agricultural Land,2,34.035034683,77.660613662
223,Agricultural Land,2,34.037545208,77.656954859
224,Agricultural Land,2,34.037135252,77.654121046
225,Agricultural Land,2,34.03913783,77.643792468
226,Agricultural Land,2,34.041802256,77.646285971
227,Agricultural Land,2,34.045913322,77.648471586
228,Agricultural Land,2,34.056072334,77.658824631
229,Agricultural Land,2,34.059853499,77.660972203
230,Agricultural Land,2,34.060430229,77.652382492
231,Agricultural Land,2,34.046896316,77.638031391
232,Agricultural Land,2,34.042531014,77.638562838
233,Agricultural Land,2,34.049877875,77.634125988
234,Agricultural Land,2,34.053481176,77.637040458
235,Agricultural Land,2,34.06188331,77.646125195
236,Agricultural Land,2,34.066442315,77.649084359
237,Agricultural Land,2,34.06926792,77.6438398
238,Agricultural Land,2,34.068742226,77.638806543
239,Agricultural Land,2,34.056669534,77.630303147
240,Agricultural Land,2,34.051947116,77.629602016
241,Agricultural Land,2,34.053558088,77.628209005
242,Agricultural Land,2,34.053828644,77.632618997
243,Agricultural Land,2,34.054713729,77.634115297
244,Agricultural Land,2,34.064970326,77.638332466
245,Agricultural Land,2,34.073034158,77.639096724
246,Agricultural Land,2,34.057716102,77.624162462
247,Agricultural Land,2,34.059829565,77.621400133
248,Agricultural Land,2,34.061766098,77.624135821
249,Agricultural Land,2,34.073017804,77.627717104
250,Agricultural Land,2,34.073621796,77.630119171
251,Agricultural Land,2,34.078862904,77.630229561
252,Agricultural Land,2,34.083009002,77.625056104
253,Agricultural Land,2,34.08035806,77.62353156
254,Agricultural Land,2,34.082043272,77.621915843
255,Agricultural Land,2,34.081146919,77.618577316
256,Agricultural Land,2,34.083596449,77.615889684
257,Agricultural Land,2,34.063638142,77.617389118
258,Agricultural Land,2,34.067475135,77.610394883
259,Agricultural Land,2,34.070543475,77.611070163
260,Agricultural Land,2,34.070815747,77.604167988
261,Agricultural Land,2,34.076668854,77.604704631
262,Agricultural Land,2,34.07852713,77.600229842
263,Agricultural Land,2,34.081875891,77.602097639
264,Agricultural Land,2,34.087282424,77.597825528
265,Agricultural Land,2,34.092172133,77.607994929
266,Agricultural Land,2,34.094030832,77.592282707
267,Agricultural Land,2,34.113073199,77.576940703
268,Agricultural Land,2,34.107263252,77.553056197
269,Agricultural Land,2,34.12030953,77.537101935
270,Agricultural Land,2,34.122292801,77.529619603
271,Agricultural Land,2,34.123371063,77.522554818
272,Agricultural Land,2,34.124588432,77.519769406
273,Agricultural Land,2,34.121490294,77.51258771
274,Agricultural Land,2,34.123193589,77.508186819
275,Barren Land,5,34.131317782,77.497284332
276,Barren Land,5,34.135883658,77.507393626
277,Barren Land,5,34.13293437,77.51252935
278,Barren Land,5,34.130991324,77.519889173
279,Barren Land,5,34.130024214,77.52591949
280,Barren Land,5,34.128267412,77.534884259
281,Barren Land,5,34.115844963,77.542045767
282,Barren Land,5,34.119580691,77.547882773
283,Barren Land,5,34.115365869,77.561902098
284,Barren Land,5,34.118981938,77.514909494
285,Barren Land,5,34.110355969,77.530163666
286,Barren Land,5,34.105403315,77.545358905
287,Barren Land,5,34.106076498,77.560240719
288,Barren Land,5,34.102993399,77.568548764
289,Barren Land,5,34.113420778,77.569912798
290,Barren Land,5,34.116295311,77.579102065
291,Barren Land,5,34.115192796,77.584589607
292,Barren Land,5,34.113453094,77.588762131
293,Barren Land,5,34.10053665,77.583569421
294,Barren Land,5,34.103182093,77.59795573
295,Barren Land,5,34.098381714,77.606730575
296,Barren Land,5,34.089830162,77.58838273
297,Barren Land,5,34.081514972,77.594038737
298,Barren Land,5,34.074197192,77.59822728
299,Barren Land,5,34.081084689,77.613182575
300,Barren Land,5,34.08577937,77.616430803
301,Barren Land,5,34.085263762,77.626609726
302,Barren Land,5,34.066027056,77.605864411
303,Barren Land,5,34.061534301,77.611865154
304,Barren Land,5,34.058233535,77.619463378
305,Barren Land,5,34.075050538,77.629533243
306,Barren Land,5,34.07238538,77.634936225
307,Barren Land,5,34.072807801,77.642320921
308,Barren Land,5,34.068651518,77.650269361
309,Barren Land,5,34.065940259,77.654393239
310,Barren Land,5,34.063724876,77.657742837
311,Barren Land,5,34.062825953,77.660194361
312,Barren Land,5,34.06166675,77.66397998
313,Barren Land,5,34.060547684,77.666993092
314,Barren Land,5,34.054697203,77.670256403
315,Barren Land,5,34.051430793,77.627047001
316,Barren Land,5,34.038848527,77.637290743
317,Barren Land,5,34.030410962,77.650877842
318,Barren Land,5,34.026631415,77.659143305
319,Barren Land,5,34.023502582,77.66588687
320,Barren Land,5,34.013297324,77.691349574
321,Barren Land,5,34.003059014,77.687696188
322,Barren Land,5,33.997143889,77.700917054
323,Snow/Ice,6,34.076223406,77.452855727
324,Snow/Ice,6,34.071293334,77.458268944
325,Snow/Ice,6,34.06133131,77.468941208
326,Snow/Ice,6,34.062719237,77.479778711
327,Snow/Ice,6,34.053775136,77.469687621
328,Snow/Ice,6,34.031588789,77.471231577
329,Snow/Ice,6,34.001827894,77.457193007
330,Snow/Ice,6,33.994460263,77.447350948
331,Snow/Ice,6,33.999340952,77.442616887
332,Snow/Ice,6,33.991620728,77.43991726
333,Snow/Ice,6,33.99998365,77.427200255
334,Snow/Ice,6,33.982542816,77.454691723
335,Snow/Ice,6,33.975043721,77.44845388
336,Snow/Ice,6,33.9665957,77.457636293
337,Snow/Ice,6,33.956072753,77.4661698
338,Snow/Ice,6,33.961569264,77.478349114
339,Snow/Ice,6,33.950468179,77.480271809
340,Snow/Ice,6,33.943717645,77.488236848
341,Snow/Ice,6,33.93200107,77.489210941
342,Snow/Ice,6,33.927003394,77.499891617
343,Snow/Ice,6,33.923894878,77.51176701
344,Snow/Ice,6,33.919968503,77.519730088
345,Snow/Ice,6,34.280135939,77.554660151
346,Snow/Ice,6,34.276329281,77.569979248
347,Snow/Ice,6,34.277665178,77.602708315
348,Snow/Ice,6,34.270644247,77.63544513
349,Snow/Ice,6,34.261902243,77.658246789
350,Snow/Ice,6,34.187575002,77.742220043
351,Snow/Ice,6,34.157359957,77.783612729
352,Snow/Ice,6,34.127626845,77.80925172
353,Snow/Ice,6,33.925320997,77.620850042
354,Snow/Ice,6,33.917572668,77.630837234
355,Snow/Ice,6,33.912808185,77.645087526
356,Snow/Ice,6,33.907314569,77.650282294
357,Agricultural Land,2,34.13228877,77.51093228
358,Agricultural Land,2,34.13145185,77.5118587
359,Agricultural Land,2,34.13273368,77.50709571
360,Agricultural Land,2,34.12702267,77.51926898
361,Agricultural Land,2,34.12465076,77.51971461
362,Agricultural Land,2,34.12340406,77.52257235
363,Agricultural Land,2,34.12239143,77.52717165
364,Agricultural Land,2,34.12263457,77.53036111
365,Agricultural Land,2,34.1234992,77.52888996
366,Agricultural Land,2,34.12065014,77.53765217
367,Agricultural Land,2,34.12260965,77.53733636
368,Agricultural Land,2,34.11598949,77.53520481
369,Agricultural Land,2,34.11590263,77.53287101
370,Agricultural Land,2,34.1080184,77.55468291
371,Agricultural Land,2,34.10681768,77.55576971
372,Agricultural Land,2,34.10723179,77.55867823
373,Agricultural Land,2,34.11298532,77.57722168
374,Agricultural Land,2,34.11301897,77.57452049
375,Agricultural Land,2,34.11590113,77.5749919
376,Agricultural Land,2,34.08107964,77.61975609
377,Agricultural Land,2,34.08286453,77.62050459
378,Agricultural Land,2,34.07913857,77.62247661
379,Agricultural Land,2,34.08128433,77.62599403
380,Agricultural Land,2,34.08174883,77.62816444
381,Agricultural Land,2,34.07858694,77.62756882
382,Agricultural Land,2,34.07501202,77.62660143
383,Agricultural Land,2,34.07323035,77.62743897
384,Agricultural Land,2,34.07366438,77.63013122
385,Agricultural Land,2,34.07064045,77.63993103
386,Agricultural Land,2,34.0717383,77.6408205
387,Agricultural Land,2,34.06843091,77.64222152
388,Agricultural Land,2,34.06851446,77.63923788
389,Agricultural Land,2,34.06640821,77.64653345
390,Agricultural Land,2,34.0664941,77.64901517
391,Agricultural Land,2,34.06337729,77.64611283
392,Agricultural Land,2,34.06233242,77.64260936
393,Agricultural Land,2,34.06116717,77.64886778
394,Agricultural Land,2,34.0637501,77.65316746
395,Agricultural Land,2,34.06058117,77.65476175
396,Agricultural Land,2,34.05878262,77.6534739
397,Agricultural Land,2,34.05931747,77.65947606
398,Agricultural Land,2,34.05560045,77.65946944
399,Agricultural Land,2,34.05843036,77.66081342
400,Agricultural Land,2,34.05809604,77.65566848
401,Agricultural Land,2,34.05412166,77.6626922
402,Agricultural Land,2,34.05124508,77.66480171
403,Agricultural Land,2,34.04911109,77.66577568
404,Agricultural Land,2,34.04756774,77.66765729
405,Agricultural Land,2,34.04544345,77.66679473
406,Agricultural Land,2,34.04519962,77.66965842
407,Agricultural Land,2,34.04218915,77.67055405
408,Agricultural Land,2,34.0415863,77.67503737
409,Agricultural Land,2,34.03847861,77.67007032
410,Agricultural Land,2,34.03887264,77.67472647
411,Agricultural Land,2,34.03550066,77.67119355
412,Agricultural Land,2,34.03323407,77.67717135
413,Agricultural Land,2,34.03035113,77.67361835
414,Agricultural Land,2,34.03645797,77.68114058
415,Agricultural Land,2,34.03613237,77.68300254
416,Agricultural Land,2,34.03441507,77.68099237
417,Agricultural Land,2,34.02828154,77.68135509
418,Agricultural Land,2,34.02655467,77.68251611
419,Agricultural Land,2,34.02218804,77.68165793
420,Agricultural Land,2,34.01883205,77.68005074
421,Agricultural Land,2,34.02526119,77.6773237
422,Agricultural Land,2,34.01308712,77.6846664
423,Agricultural Land,2,34.01127943,77.67930022
424,Agricultural Land,2,34.00883798,77.67755011
425,Agricultural Land,2,34.00727028,77.6799276
426,Agricultural Land,2,34.00089141,77.68194442
427,Agricultural Land,2,34.00291248,77.67719654
428,Agricultural Land,2,33.99858895,77.67982434
429,Agricultural Land,2,33.99333601,77.68421153
430,Agricultural Land,2,33.99289822,77.69101912
431,Agricultural Land,2,33.98793805,77.6900993
432,Agricultural Land,2,33.93475206,77.7262121
433,Agricultural Land,2,33.93404168,77.72563705
434,Agricultural Land,2,33.93114242,77.72757796
435,Agricultural Land,2,33.93144814,77.72388562
436,Agricultural Land,2,33.92288908,77.73231575
437,Agricultural Land,2,33.91429384,77.73884913
438,Agricultural Land,2,33.91413812,77.73574525
439,Agricultural Land,2,33.91453059,77.73739183
440,Agricultural Land,2,33.91353284,77.73974417
441,Agricultural Land,2,33.91200535,77.74061847
442,Agricultural Land,2,33.90879335,77.73702317
443,Agricultural Land,2,33.90431228,77.73665344
444,Agricultural Land,2,33.90489974,77.73955808
445,Agricultural Land,2,33.90625818,77.74202417
446,Agricultural Land,2,33.90190482,77.73977752
447,Agricultural Land,2,34.02231578,77.67229808
448,Agricultural Land,2,34.02408327,77.67032394
449,Agricultural Land,2,34.02355351,77.66902909
450,Agricultural Land,2,34.02664405,77.66765375
451,Agricultural Land,2,34.02559565,77.6691451
452,Agricultural Land,2,34.02834875,77.66522836
453,Agricultural Land,2,34.03057709,77.66027431
454,Agricultural Land,2,34.03416146,77.6615032
455,Agricultural Land,2,34.0366856,77.6589799
456,Agricultural Land,2,34.02990831,77.65656396
457,Agricultural Land,2,34.03230427,77.65364143
458,Agricultural Land,2,34.03562927,77.65153883
459,Agricultural Land,2,34.03973762,77.64361136
460,Agricultural Land,2,34.04222933,77.63830057
461,Agricultural Land,2,34.04572289,77.64365633
462,Agricultural Land,2,34.04782264,77.63991163
463,Agricultural Land,2,34.04807607,77.63513142
464,Agricultural Land,2,34.05276702,77.63476978
465,Barren Land,5,34.12815165,77.50492833
466,Barren Land,5,34.13606736,77.50948821
467,Barren Land,5,34.13257938,77.51362798
468,Barren Land,5,34.12983645,77.52100233
469,Barren Land,5,34.12778466,77.52060591
470,Barren Land,5,34.12976791,77.52367053
471,Barren Land,5,34.13156314,77.52503626
472,Barren Land,5,34.12263145,77.50724678
473,Barren Land,5,34.1189494,77.51490358
474,Barren Land,5,34.11627507,77.52026966
475,Barren Land,5,34.12747186,77.52595813
476,Barren Land,5,34.12613201,77.53773308
477,Barren Land,5,34.12457326,77.54002299
478,Barren Land,5,34.12170908,77.54307736
479,Barren Land,5,34.11596624,77.54182425
480,Barren Land,5,34.11071446,77.52663149
481,Barren Land,5,34.11043777,77.53033872
482,Barren Land,5,34.1190107,77.5492245
483,Barren Land,5,34.12591897,77.55152647
484,Barren Land,5,34.11876512,77.55920108
485,Barren Land,5,34.11541262,77.56170457
486,Barren Land,5,34.1078909,77.54062431
487,Barren Land,5,34.10549318,77.54522908
488,Barren Land,5,34.10474499,77.55058848
489,Barren Land,5,34.11902084,77.56221782
490,Barren Land,5,34.10611808,77.56009679
491,Barren Land,5,34.10483702,77.56400983
492,Barren Land,5,34.12084998,77.57452506
493,Barren Land,5,34.11622021,77.57922678
494,Barren Land,5,34.11293151,77.58150382
495,Barren Land,5,34.11007337,77.57969759
496,Barren Land,5,34.10158161,77.57346966
497,Barren Land,5,34.10206992,77.568976
498,Barren Land,5,34.09853523,77.56564664
499,Barren Land,5,34.11684267,77.5854915
500,Barren Land,5,34.1233468,77.58937862
501,Barren Land,5,34.10908663,77.59262425
502,Barren Land,5,34.09673093,77.57943965
503,Barren Land,5,34.10108736,77.58433597
504,Barren Land,5,34.10408821,77.59785886
505,Barren Land,5,34.10704554,77.60163605
506,Barren Land,5,34.09022243,77.58880073
507,Barren Land,5,34.08418014,77.59226248
508,Barren Land,5,34.09569458,77.60891364
509,Barren Land,5,34.08617979,77.60892645
510,Barren Land,5,34.08442399,77.614174
511,Barren Land,5,34.08888837,77.62167744
512,Barren Land,5,34.07957834,77.61524967
513,Barren Land,5,34.07767671,77.61883482
514,Barren Land,5,34.08546541,77.62630294
515,Barren Land,5,34.07791222,77.59644336
516,Barren Land,5,34.07008337,77.60064392
517,Barren Land,5,34.06743997,77.60404543
518,Barren Land,5,34.08016903,77.63246918
519,Barren Land,5,34.07306495,77.63258532
520,Barren Land,5,34.06313858,77.61021046
521,Barren Land,5,34.05994887,77.61753103
522,Barren Land,5,34.06260291,77.62932673
523,Barren Land,5,34.07349135,77.64134987
524,Barren Land,5,34.0558044,77.62297786
525,Barren Land,5,34.05294451,77.62727245
526,Barren Land,5,34.05040811,77.62969019
527,Barren Land,5,34.0583693,77.63681672
528,Barren Land,5,34.06063985,77.6336731
529,Barren Land,5,34.05592603,77.64497293
530,Barren Land,5,34.04578595,77.63152619
531,Barren Land,5,34.07076207,77.64721263
532,Barren Land,5,34.06826579,77.65088241
533,Barren Land,5,34.06545469,77.65404558
534,Barren Land,5,34.04682223,77.64741961
535,Barren Land,5,34.03846372,77.63894831
536,Barren Land,5,34.03341208,77.64565776
537,Barren Land,5,34.03638848,77.65610149
538,Barren Land,5,34.04451838,77.65804165
539,Barren Land,5,34.04172195,77.66005996
540,Barren Land,5,34.06039244,77.66699868
541,Barren Land,5,34.05488022,77.67019149
542,Barren Land,5,34.04544186,77.67406454
543,Barren Land,5,34.03120667,77.65182858
544,Barren Land,5,34.02829735,77.6549323
545,Barren Land,5,34.02774153,77.65726853
546,Barren Land,5,34.02572639,77.66156351
547,Barren Land,5,34.02624467,77.66351181
548,Barren Land,5,34.03051581,77.66819368
549,Barren Land,5,34.03130925,77.6714506
550,Barren Land,5,34.03217079,77.67390983
551,Barren Land,5,34.03902374,77.68525582
552,Barren Land,5,34.03368027,77.68782371
553,Barren Land,5,34.02584934,77.68432107
554,Barren Land,5,34.0188412,77.68538446
555,Barren Land,5,34.01470978,77.68337408
556,Barren Land,5,34.01252502,77.68320267
557,Barren Land,5,34.01618328,77.67359223
558,Barren Land,5,34.02318644,77.66621771
559,Barren Land,5,34.00808276,77.68347948
560,Barren Land,5,34.00601214,77.68825833
561,Barren Land,5,34.01607661,77.68676103
562,Barren Land,5,34.01122058,77.69193053
563,Barren Land,5,34.00675795,77.69369188
564,Barren Land,5,34.00195034,77.69497372
565,Barren Land,5,34.00260098,77.6881785
566,Barren Land,5,34.00196808,77.68494837
567,Barren Land,5,33.99560195,77.6828163
568,Barren Land,5,33.9941022,77.67581598
569,Barren Land,5,33.99332058,77.67120677
570,Barren Land,5,33.99446586,77.66302734
571,Barren Land,5,33.9925908,77.67372923
572,Barren Land,5,33.99120482,77.67640823
573,Barren Land,5,33.98926273,77.67680263
574,Barren Land,5,33.98807434,77.67844241
575,Barren Land,5,33.9941475,77.68632431
576,Barren Land,5,33.99079224,77.68736636
577,Barren Land,5,33.9881878,77.6883046
578,Barren Land,5,33.98808465,77.69133306
579,Barren Land,5,33.99294172,77.69313426
580,Barren Land,5,33.99418929,77.69689631
581,Barren Land,5,33.99612205,77.70098767
582,Barren Land,5,33.99006561,77.69759972
583,Barren Land,5,33.98789819,77.69643266
584,Barren Land,5,33.98664728,77.69235121
585,Barren Land,5,33.98557211,77.6970866
586,Barren Land,5,33.98284226,77.70124002
587,Barren Land,5,33.99324864,77.70541354
588,Barren Land,5,33.9784926,77.70407115
589,Barren Land,5,33.97558398,77.70746094
590,Barren Land,5,33.97929396,77.68480601
591,Barren Land,5,33.97402367,77.68747127
592,Barren Land,5,33.97031202,77.69147219
593,Barren Land,5,33.96639264,77.70251055
594,Barren Land,5,33.96244777,77.7052353
595,Barren Land,5,33.96287373,77.70850883
596,Barren Land,5,33.96302539,77.71179987
597,Barren Land,5,33.96001584,77.7180459
598,Barren Land,5,33.95431296,77.71444212
599,Barren Land,5,33.95063648,77.71130832
600,Barren Land,5,33.94916202,77.72368921
601,Barren Land,5,33.94987198,77.71942171
602,Barren Land,5,33.94821704,77.7152449
603,Barren Land,5,33.94363482,77.72563232
604,Barren Land,5,33.94079766,77.72839369
605,Barren Land,5,33.93869357,77.71831158
606,Barren Land,5,33.93389732,77.71889309
607,Barren Land,5,33.92900822,77.72139083
608,Barren Land,5,33.92808456,77.72806229
609,Barren Land,5,33.92825383,77.73023168
610,Barren Land,5,33.92487122,77.72856813
611,Barren Land,5,33.92441962,77.73646765
612,Barren Land,5,33.91973031,77.73037452
613,Barren Land,5,33.91769797,77.73498573
614,Barren Land,5,33.91605186,77.74121311
615,Barren Land,5,33.91150512,77.73669571
616,Barren Land,5,33.91049912,77.73146359
617,Barren Land,5,33.90495447,77.73161597
618,Barren Land,5,33.90244847,77.73572059
619,Barren Land,5,33.90015769,77.73896855
620,Barren Land,5,33.90275207,77.74178507
621,Barren Land,5,33.90529142,77.74599931
622,Barren Land,5,33.90732192,77.74484893
623,Natural Vegetation,3,34.13267354,77.5045264
624,Natural Vegetation,3,34.1312484,77.50841774
625,Natural Vegetation,3,34.1293035,77.5097984
626,Natural Vegetation,3,34.13258257,77.50187761
627,Natural Vegetation,3,34.12666456,77.50789238
628,Natural Vegetation,3,34.12199686,77.51953109
629,Natural Vegetation,3,34.12044141,77.5255963
630,Natural Vegetation,3,34.11780221,77.52611832
631,Natural Vegetation,3,34.12370898,77.53201496
632,Natural Vegetation,3,34.12415177,77.53054229
633,Natural Vegetation,3,34.11918515,77.53183327
634,Natural Vegetation,3,34.11670331,77.5289853
635,Natural Vegetation,3,34.11551106,77.52422834
636,Natural Vegetation,3,34.11158788,77.52762999
637,Natural Vegetation,3,34.11258716,77.52988446
638,Natural Vegetation,3,34.1181974,77.53195731
639,Natural Vegetation,3,34.12188244,77.53723292
640,Natural Vegetation,3,34.12304965,77.53670466
641,Natural Vegetation,3,34.12059751,77.54016636
642,Natural Vegetation,3,34.11977327,77.54125807
643,Natural Vegetation,3,34.11766613,77.54156707
644,Natural Vegetation,3,34.11690666,77.54291056
645,Natural Vegetation,3,34.11263546,77.53383221
646,Natural Vegetation,3,34.11508244,77.543077
647,Natural Vegetation,3,34.11348894,77.54547527
648,Natural Vegetation,3,34.11288415,77.54789595
649,Natural Vegetation,3,34.11774287,77.54758918
650,Natural Vegetation,3,34.10942288,77.54056132
651,Natural Vegetation,3,34.10779766,77.54325648
652,Natural Vegetation,3,34.1068523,77.54747601
653,Natural Vegetation,3,34.10958872,77.55111808
654,Natural Vegetation,3,34.11003444,77.55372786
655,Natural Vegetation,3,34.11352079,77.54994152
656,Natural Vegetation,3,34.11639182,77.55293928
657,Natural Vegetation,3,34.11763534,77.55585273
658,Natural Vegetation,3,34.11214892,77.55668066
659,Natural Vegetation,3,34.11310514,77.5562465
660,Natural Vegetation,3,34.11403372,77.5599779
661,Natural Vegetation,3,34.11378196,77.5617966
662,Natural Vegetation,3,34.11411877,77.56322004
663,Natural Vegetation,3,34.11240789,77.56259938
664,Natural Vegetation,3,34.11306145,77.56375182
665,Natural Vegetation,3,34.11172205,77.5647721
666,Natural Vegetation,3,34.11215847,77.56630546
667,Natural Vegetation,3,34.11088027,77.5676693
668,Natural Vegetation,3,34.10858562,77.55934638
669,Natural Vegetation,3,34.11155744,77.56092092
670,Natural Vegetation,3,34.11032038,77.56280225
671,Natural Vegetation,3,34.10982673,77.56595715
672,Natural Vegetation,3,34.10734689,77.56727444
673,Natural Vegetation,3,34.10636067,77.56305101
674,Natural Vegetation,3,34.10450761,77.56996252
675,Natural Vegetation,3,34.1100228,77.57124052
676,Natural Vegetation,3,34.11406981,77.57776596
677,Natural Vegetation,3,34.11642573,77.57788331
678,Natural Vegetation,3,34.11831414,77.57284204
679,Natural Vegetation,3,34.11246447,77.5809123
680,Natural Vegetation,3,34.10870916,77.57776302
681,Natural Vegetation,3,34.104911,77.57863783
682,Natural Vegetation,3,34.10493402,77.58581865
683,Natural Vegetation,3,34.09691926,77.5850752
684,Natural Vegetation,3,34.09497914,77.59154137
685,Natural Vegetation,3,34.09650793,77.59740432
686,Natural Vegetation,3,34.09472405,77.59689766
687,Natural Vegetation,3,34.09356748,77.60001385
688,Natural Vegetation,3,34.09743697,77.60454058
689,Natural Vegetation,3,34.09184403,77.60418605
690,Natural Vegetation,3,34.09133384,77.60567977
691,Natural Vegetation,3,34.08910726,77.60668567
692,Natural Vegetation,3,34.09365672,77.60619066
693,Natural Vegetation,3,34.08893628,77.59901021
694,Natural Vegetation,3,34.07699182,77.60186669
695,Natural Vegetation,3,34.07988756,77.60691491
696,Natural Vegetation,3,34.07348853,77.603469
697,Natural Vegetation,3,34.0705876,77.60354794
698,Natural Vegetation,3,34.06933573,77.60791747
699,Natural Vegetation,3,34.0768523,77.61059229
700,Natural Vegetation,3,34.06698478,77.60820791
701,Natural Vegetation,3,34.07196327,77.60676278
702,Natural Vegetation,3,34.07290036,77.61355255
703,Natural Vegetation,3,34.07688131,77.62283698
704,Natural Vegetation,3,34.07605763,77.62774837
705,Natural Vegetation,3,34.07386595,77.62101125
706,Natural Vegetation,3,34.0634137,77.61548828
707,Natural Vegetation,3,34.06155007,77.61761356
708,Natural Vegetation,3,34.0671122,77.61746069
709,Natural Vegetation,3,34.06638909,77.62503333
710,Natural Vegetation,3,34.06725007,77.62884799
711,Natural Vegetation,3,34.07022539,77.62500416
712,Natural Vegetation,3,34.05818841,77.6278112
713,Natural Vegetation,3,34.05906045,77.62220093
714,Natural Vegetation,3,34.07070701,77.63863156
715,Natural Vegetation,3,34.06945785,77.63928324
716,Natural Vegetation,3,34.06827867,77.64668975
717,Natural Vegetation,3,34.06586118,77.6437344
718,Natural Vegetation,3,34.05940141,77.64152143
719,Natural Vegetation,3,34.05151881,77.63324814
720,Natural Vegetation,3,34.05057948,77.63785957
721,Natural Vegetation,3,34.05808219,77.64465382
722,Natural Vegetation,3,34.06485064,77.65234467
723,Natural Vegetation,3,34.0618715,77.65740023
724,Natural Vegetation,3,34.05957085,77.6624364
725,Natural Vegetation,3,34.0561162,77.66491787
726,Natural Vegetation,3,34.05131822,77.66290695
727,Natural Vegetation,3,34.04899882,77.66260469
728,Natural Vegetation,3,34.04712468,77.66353804
729,Natural Vegetation,3,34.04549795,77.66253006
730,Natural Vegetation,3,34.04543229,77.66547027
731,Natural Vegetation,3,34.04234783,77.66444496
732,Natural Vegetation,3,34.04151454,77.66438301
733,Natural Vegetation,3,34.0418619,77.66633607
734,Natural Vegetation,3,34.04097442,77.66477422
735,Natural Vegetation,3,34.04080292,77.66617573
736,Natural Vegetation,3,34.04003494,77.66621283
737,Natural Vegetation,3,34.04075712,77.66829892
738,Natural Vegetation,3,34.03931064,77.66751028
739,Natural Vegetation,3,34.03882483,77.66905905
740,Natural Vegetation,3,34.03785972,77.66807221
741,Natural Vegetation,3,34.03642833,77.66783107
742,Natural Vegetation,3,34.03532681,77.66785077
743,Natural Vegetation,3,34.03664719,77.66964583
744,Natural Vegetation,3,34.03814421,77.67145953
745,Natural Vegetation,3,34.04274934,77.67398654
746,Natural Vegetation,3,34.04285399,77.67675757
747,Natural Vegetation,3,34.04083808,77.67956329
748,Natural Vegetation,3,34.03763781,77.67707797
749,Natural Vegetation,3,34.03472316,77.67543019
750,Natural Vegetation,3,34.03848148,77.68131847
751,Natural Vegetation,3,34.03804983,77.68324992
752,Natural Vegetation,3,34.03709255,77.68813565
753,Natural Vegetation,3,34.03221424,77.68680346
754,Natural Vegetation,3,34.03041052,77.68575832
755,Natural Vegetation,3,34.02723154,77.67891982
756,Natural Vegetation,3,34.03035487,77.66989508
757,Natural Vegetation,3,34.02721482,77.66912393
758,Natural Vegetation,3,34.02512039,77.66581959
759,Natural Vegetation,3,34.02794983,77.67344635
760,Natural Vegetation,3,34.02922671,77.6779069
761,Natural Vegetation,3,34.02909125,77.68085101
762,Natural Vegetation,3,34.02920254,77.68396942
763,Natural Vegetation,3,34.02469754,77.68348445
764,Natural Vegetation,3,34.01799896,77.67369598
765,Natural Vegetation,3,34.01334628,77.68551567
766,Natural Vegetation,3,34.0068003,77.67452483
767,Natural Vegetation,3,34.0044589,77.67495375
768,Natural Vegetation,3,34.0092994,77.68674072
769,Natural Vegetation,3,34.00286546,77.68076906
770,Natural Vegetation,3,33.99826971,77.67719478
771,Natural Vegetation,3,33.996386,77.6818214
772,Natural Vegetation,3,33.99463628,77.68373515
773,Natural Vegetation,3,34.00408872,77.69006025
774,Natural Vegetation,3,33.98687844,77.68821179
775,Natural Vegetation,3,33.97861857,77.69583637
776,Natural Vegetation,3,33.97013597,77.69852143
777,Natural Vegetation,3,33.97259384,77.70932424
778,Natural Vegetation,3,33.94878378,77.7224807
779,Natural Vegetation,3,33.94546034,77.72604174
780,Natural Vegetation,3,33.93612847,77.72186531
781,Natural Vegetation,3,33.92876109,77.72407825
782,Natural Vegetation,3,33.92659483,77.72583124
783,Natural Vegetation,3,33.92117697,77.72882914
784,Natural Vegetation,3,33.91395042,77.73323275
785,Natural Vegetation,3,33.91250881,77.73733243
786,Natural Vegetation,3,33.91367946,77.74040919
787,Natural Vegetation,3,33.91193278,77.74203612
788,Natural Vegetation,3,33.90911258,77.73617608
789,Natural Vegetation,3,33.9055364,77.73459586
790,Natural Vegetation,3,33.90646898,77.73750844
791,Natural Vegetation,3,33.90825795,77.74000261
792,Natural Vegetation,3,33.90857987,77.74208876
793,Natural Vegetation,3,33.90290887,77.73552605
794,Natural Vegetation,3,33.90533477,77.740365
795,Natural Vegetation,3,33.90610534,77.74291711
796,Natural Vegetation,3,33.90432198,77.74233488
797,Natural Vegetation,3,33.90086043,77.74305657
798,Natural Vegetation,3,33.8983617,77.74458797
799,Water Bodies,4,33.89401584,77.74997527
800,Water Bodies,4,33.89597052,77.74958717
801,Water Bodies,4,33.89488732,77.74968735
802,Water Bodies,4,33.9025369,77.74949323
803,Water Bodies,4,33.90599625,77.746953
804,Water Bodies,4,33.90886865,77.74424503
805,Water Bodies,4,33.91495253,77.74067757
806,Water Bodies,4,33.91812817,77.73524924
807,Water Bodies,4,33.92213388,77.73469624
808,Water Bodies,4,33.92465352,77.73127522
809,Water Bodies,4,33.9314711,77.72969081
810,Water Bodies,4,33.94042571,77.7268518
811,Water Bodies,4,33.94512065,77.72389587
812,Water Bodies,4,33.9496011,77.72045355
813,Water Bodies,4,33.95580114,77.71898729
814,Water Bodies,4,33.96008019,77.7111628
815,Water Bodies,4,33.96648691,77.70864138
816,Water Bodies,4,33.97451429,77.70935886
817,Water Bodies,4,33.97952186,77.70440785
818,Water Bodies,4,33.98953688,77.69886519
819,Water Bodies,4,34.0062395,77.68942126
820,Water Bodies,4,34.0144012,77.67949714
821,Water Bodies,4,34.02438316,77.67508433
822,Water Bodies,4,34.03233302,77.66974682
823,Water Bodies,4,34.03863635,77.66574143
824,Water Bodies,4,34.04432773,77.66148271
825,Water Bodies,4,34.04959599,77.65451435
826,Water Bodies,4,34.05650807,77.6472156
827,Water Bodies,4,34.06100976,77.6397798
828,Water Bodies,4,34.06346925,77.6323494
829,Water Bodies,4,34.06820573,77.62636237
830,Water Bodies,4,34.07335284,77.62032873
831,Water Bodies,4,34.07757804,77.61366029
832,Water Bodies,4,34.08589461,77.60525484
833,Water Bodies,4,34.09524923,77.59771417
834,Water Bodies,4,34.09991051,77.59458638
835,Water Bodies,4,34.10263558,77.58649505
836,Water Bodies,4,34.10796514,77.5705785
837,Water Bodies,4,34.11244982,77.56031752
838,Water Bodies,4,34.11126031,77.55206173
839,Water Bodies,4,34.1113897,77.54606395
840,Water Bodies,4,34.12611404,77.51408884
841,Water Bodies,4,33.90229405,77.74599133
842,Water Bodies,4,33.90496876,77.74415434
843,Water Bodies,4,33.90791162,77.74267274
844,Water Bodies,4,33.90774845,77.73834772
845,Water Bodies,4,33.90982534,77.73860498
846,Water Bodies,4,33.91297565,77.73892428
847,Water Bodies,4,33.91506132,77.73493536
848,Water Bodies,4,34.13044164,77.50602818
849,Seabuckthorn,1,34.079139,77.614722
850,Seabuckthorn,1,34.078,77.614944
851,Seabuckthorn,1,34.077083,77.616111
852,Seabuckthorn,1,34.084139,77.609333
853,Water Bodies,4,34.083417,77.610389
854,Barren Land,5,34.079333,77.616583
855,Seabuckthorn,1,34.076528,77.617639
856,Seabuckthorn,1,34.076778,77.617528
857,Seabuckthorn,1,34.078778,77.618639
858,Seabuckthorn,1,34.088722,77.621444
859,Seabuckthorn,1,34.087028,77.6215
860,Seabuckthorn,1,34.058917,77.64175
861,Seabuckthorn,1,34.05825,77.640694
862,Seabuckthorn,1,34.054528,77.638444
863,Seabuckthorn,1,34.031444,77.673083
864,Seabuckthorn,1,34.030639,77.671417
865,Seabuckthorn,1,34.029167,77.671583
866,Seabuckthorn,1,34.040444,77.660139
867,Seabuckthorn,1,34.040861,77.659306
868,Seabuckthorn,1,34.042028,77.658806
869,Seabuckthorn,1,34.041944,77.663833
870,Seabuckthorn,1,34.034778,77.670306
871,Seabuckthorn,1,33.908267,77.737517
872,Seabuckthorn,1,34.108528,77.548389
873,Seabuckthorn,1,34.1085,77.546611
874,Seabuckthorn,1,34.10875,77.546972
875,Barren Land,5,34.108389,77.549417
876,Seabuckthorn,1,34.110944,77.556333
877,Seabuckthorn,1,34.113861,77.554944
878,Seabuckthorn,1,34.130917,77.463917
879,Seabuckthorn,1,34.132056,77.453472
880,Natural Vegetation,3,34.130194,77.466333
881,Seabuckthorn,1,34.129889,77.466889
882,Seabuckthorn,1,34.131417,77.46425
883,Seabuckthorn,1,34.131889,77.45275
884,Agricultural Land,2,34.130194,77.465528
885,Seabuckthorn,1,34.124722,77.508694
886,Barren Land,5,34.1235,77.510722
887,Seabuckthorn,1,34.121028,77.515861
888,Seabuckthorn,1,33.912528,77.81725
889,Seabuckthorn,1,33.901167,77.730361
890,Seabuckthorn,1,33.90125,77.73025
891,Seabuckthorn,1,33.901,77.730306
892,Barren Land,5,33.912389,77.734056
893,Seabuckthorn,1,33.900944,77.73025
894,Seabuckthorn,1,33.904361,77.731583
895,Barren Land,5,33.903194,77.734278
896,Seabuckthorn,1,33.9035,77.734861
897,Seabuckthorn,1,33.903444,77.73425
898,Seabuckthorn,1,33.90325,77.734056
899,Seabuckthorn,1,33.90325,77.733806
900,Seabuckthorn,1,33.998611,77.685
901,Seabuckthorn,1,33.994444,77.685556
902,Seabuckthorn,1,33.908389,77.738028
903,Seabuckthorn,1,33.90665,77.735983
904,Water Bodies,4,33.907583,77.736617
905,Seabuckthorn,1,33.908183,77.7372
906,Agricultural Land,2,33.908333,77.736361
907,Seabuckthorn,1,33.909111,77.732222
908,Seabuckthorn,1,33.910417,77.733194
909,Seabuckthorn,1,33.910444,77.733361
910,Seabuckthorn,1,33.91,77.73325
911,Seabuckthorn,1,33.911889,77.733861
912,Seabuckthorn,1,33.90875,77.738222
913,Seabuckthorn,1,33.908972,77.738694
914,Seabuckthorn,1,33.909333,77.739389
915,Seabuckthorn,1,33.9095,77.740778
916,Seabuckthorn,1,33.909722,77.740806
917,Seabuckthorn,1,33.9095,77.741667
918,Seabuckthorn,1,33.910083,77.742306
919,Seabuckthorn,1,33.908722,77.743889
920,Seabuckthorn,1,33.907283,77.736067
921,Seabuckthorn,1,33.910278,77.732389
922,Seabuckthorn,1,33.910611,77.733306
923,Seabuckthorn,1,33.911056,77.733722
924,Seabuckthorn,1,33.911444,77.733222
925,Seabuckthorn,1,33.911944,77.732972
926,Seabuckthorn,1,33.901333,77.730806
927,Seabuckthorn,1,33.901583,77.731306
928,Seabuckthorn,1,33.901722,77.731528
929,Seabuckthorn,1,33.901944,77.732056
930,Seabuckthorn,1,33.900972,77.730611
931,Seabuckthorn,1,33.900722,77.730556
932,Seabuckthorn,1,33.905694,77.740528
933,Seabuckthorn,1,33.903333,77.733417
934,Seabuckthorn,1,33.903056,77.733333
