id,longitude,latitude,altitude_m,gps_accuracy_m,sbt_class
1,77.557041,34.111707,3182.192871,5.078,1
2,77.557237,34.111709,3182.17749,5.002,1
3,77.699855,33.975968,3291.100098,45.599998,1
4,77.666548,34.042867,,98.400002,1
5,77.62527,34.61222,3141.0,,1
6,77.6253,34.61214,3137.0,,1
7,76.79177,34.90368,2767.0,,1
8,76.79169,34.90728,2764.0,,1
9,76.791555,34.906977,2754.100098,98.400002,1
10,76.79193,34.90797,2780.0,,1
11,76.791486,34.907021,2754.100098,128.899002,1
12,76.79124,34.90911,2762.0,,1
13,76.79087,34.90916,2762.0,,1
14,76.79103,34.90905,2764.0,,1
15,76.798516,34.925151,2886.600098,116.099998,1
16,76.798,34.92719,2904.0,,1
17,76.79617,34.92809,2873.0,,1
18,76.97583,34.92813,2867.0,,1
19,76.7957,34.92828,2861.0,,1
20,76.79577,34.92859,2872.0,,1
21,76.79622,34.92649,2859.0,,1
22,76.79668,34.92517,2859.0,,1
23,76.79664,34.92493,2857.0,,1
24,76.80163,34.89412,2773.0,,1
25,76.80233,34.89444,2779.0,,1
26,76.803256,34.894097,2723.37793,7.451,1
27,76.818415,34.872814,2785.000244,9.86,1
28,76.818372,34.872759,2785.000244,9.63,1
29,76.81829,34.87293,2801.0,,1
30,76.818888,34.871978,2785.000244,9.506,1
31,76.818888,34.871978,2785.000244,9.506,1
32,76.819973,34.872418,2785.000244,9.958,1
33,76.819973,34.872418,2785.000244,9.958,1
34,76.819761,34.86813,2785.000244,15.842,1
35,76.82034,34.86829,2787.0,,1
36,76.819934,34.86812,2785.000244,9.868,1
37,76.820632,34.868037,2785.000244,8.945,1
38,76.82061,34.86824,2791.0,,1
39,76.880379,34.838589,2816.500244,12.831,1
40,76.904707,34.833825,2807.01001,13.478,1
41,76.90523,34.83419,2840.0,,1
42,76.923499,34.826344,2846.428711,23.259001,1
43,76.954978,34.816556,2942.300049,18.464001,1
44,76.95417,34.81635,2888.0,,1
45,76.95415,34.81664,2906.0,,1
46,76.95358,34.81656,2915.0,,1
47,76.95412,34.81636,2890.0,,1
48,76.9533,34.81636,2904.0,,1
49,76.95297,34.81632,2905.0,,1
50,76.952453,34.816182,2905.820557,,1
51,76.95104,34.81631,2902.0,,1
52,76.9516,34.81632,2905.0,,1
53,76.951619,34.81665,2905.0,,1
54,76.946095,34.816974,2845.744141,40.312,1
55,76.94557,34.8177,2897.0,,1
56,76.942608,34.81705,2902.0,,1
57,76.94612,34.81763,2889.0,,1
58,76.944431,34.81798,2903.606201,15.096,1
59,76.94379,34.81821,2912.0,,1
60,76.942731,34.818552,2911.0,,1
61,76.93948,34.82025,2895.0,,1
62,76.93891,34.82041,2899.0,,1
63,76.94065,34.81951,2888.0,,1
64,76.94014,34.81948,2887.0,,1
65,76.938217,34.820611,2884.513184,24.118999,1
66,76.922055,34.827826,2858.214844,27.865,1
67,76.92197,34.82767,2874.0,,1
68,77.224672,34.708074,3038.0,,1
69,77.22356,34.70892,3026.0,,1
70,77.22539,34.70775,3035.0,,1
71,77.22356,34.70894,3021.0,,1
72,77.241389,34.696528,3060.0,,1
73,77.24126,34.6967,3054.0,,1
74,77.240965,34.696715,3051.0,,1
75,77.258431,34.69124,3025.338135,9.953,1
76,77.267515,34.685834,3019.78418,6.959,1
77,77.267988,34.685963,3007.106689,8.58,1
78,77.2671,34.68624,3046.0,,1
79,77.268832,34.68494,3014.705322,9.162,1
80,77.268816,34.684333,3027.213379,8.139,1
81,77.272248,34.682773,3008.536621,6.542,1
82,77.280827,34.677311,3067.911133,9.537,1
83,77.308539,34.665858,3088.674805,8.972,1
84,77.308458,34.665821,3087.809082,4.997,1
85,77.308825,34.665827,3081.454834,7.154,1
86,77.309601,34.665899,3079.506836,9.165,1
87,77.343717,34.667269,3028.175537,6.022,1
88,77.343562,34.667648,3036.681885,5.941,1
89,77.343132,34.667835,3024.519531,7.91,1
90,77.342695,34.667281,3028.525391,3.888,1
91,77.342278,34.667399,3027.091064,6.032,1
92,77.342229,34.667397,3027.801758,5.336,1
93,77.264305,34.705434,3050.174072,9.424,1
94,77.263605,34.705202,3054.101318,16.136999,1
95,77.261904,34.704522,3016.472168,9.621,1
96,77.261389,34.704368,3016.469971,9.315,1
97,77.261192,34.704238,3040.595215,6.729,1
98,77.26052,34.704544,3018.17627,8.955,1
99,77.25753,34.70668,3060.0,,1
100,77.260229,34.704097,3027.04834,8.518,1
101,77.25676,34.70682,3050.0,,1
102,77.258817,34.70516,3042.952393,7.538,1
103,77.256366,34.706552,2991.142334,68.677002,1
104,77.25616,34.70665,3037.0,,1
105,77.256937,34.706171,3010.724854,8.495,1
106,77.339101,34.683388,3027.197754,6.677,1
107,77.33967,34.68347,3049.0,,1
108,77.338828,34.683365,3050.938232,11.328,1
109,77.290427,34.688773,3020.067139,9.331,1
110,77.289996,34.688782,3019.672607,6.582,1
111,77.619066,34.582054,,600.0,1
112,77.61705,34.58167,3120.0,,1
113,77.61735,34.58184,3120.0,,1
114,77.61795,34.58191,3121.0,,1
115,77.61689,34.58451,3112.0,,1
116,77.616605,34.584229,3083.361328,7.187,1
117,77.61685,34.58468,3113.0,,1
118,77.61607,34.58564,3117.0,,1
119,77.61608,34.51561,3117.0,,1
120,77.378483,35.009565,3301.264893,13.687,1
121,77.37666,35.01039,3342.0,,1
122,77.37267,35.01849,3341.0,,1
123,77.37244,35.01898,3343.0,,1
124,77.37399,35.01654,3340.0,,1
125,77.40074,34.98358,3392.0,,1
126,77.40044,34.98025,3406.0,,1
127,77.4433,34.94538,3292.0,,1
128,77.471811,34.930199,,500.0,1
129,77.46612,34.93167,3300.0,,1
130,77.46655,34.93194,3296.0,,1
131,77.47406,34.92799,3335.0,,1
132,77.47422,34.92825,3342.0,,1
133,77.47423,34.92743,3336.0,,1
134,77.50156,34.83716,3220.0,,1
135,77.5016,34.83672,3220.0,,1
136,77.50199,34.83652,3218.0,,1
137,77.50238,34.83541,3217.0,,1
138,77.50221,34.83669,3221.0,,1
139,77.51259,34.82158,3255.0,,1
140,77.51253,34.80919,3224.0,,1
141,77.51279,34.80935,3227.0,,1
142,77.50795,34.80628,3209.0,,1
143,77.50752,34.80594,3211.0,,1
144,77.50705,34.80538,3212.0,,1
145,77.50655,34.80333,3211.0,,1
146,77.50722,34.80218,3210.0,,1
147,77.50767,34.80217,3210.0,,1
148,77.5288,34.768401,3182.665283,1399.999023,1
149,77.52928,34.75706,3211.0,,1
150,77.55096,34.68621,3149.0,,1
151,77.55141,34.68685,3151.0,,1
152,77.551558,34.68729,3148.0,,1
153,77.519273,34.810442,3222.700195,7.871,1
154,77.521587,34.809287,3186.95752,4.995,1
155,77.52256,34.80698,3214.0,,1
156,77.522982,34.806217,3174.333496,7.481,1
157,77.523213,34.804337,3171.628662,7.98,1
158,77.522352,34.801894,3167.477783,4.937,1
159,77.521504,34.801822,3171.006104,5.567,1
160,77.521244,34.801103,3165.040039,4.174,1
161,77.521721,34.799757,3156.844727,8.67,1
162,77.521779,34.799758,3154.274658,8.035,1
163,77.520916,34.801746,3164.263672,3.903,1
164,77.535995,34.777796,3222.700195,6.351,1
165,77.535546,34.777554,3149.274414,4.501,1
166,77.535486,34.777744,3148.187012,6.506,1
167,77.53507,34.77874,3194.0,,1
168,77.534722,34.779109,3149.720947,6.275,1
169,77.534421,34.779065,3153.184814,7.257,1
170,77.534014,34.779312,3146.876953,5.037,1
171,77.533718,34.778652,3139.433838,7.327,1
172,77.534486,34.77761,3156.651367,5.794,1
173,77.545359,34.761329,3148.033691,3.771,1
174,77.544858,34.761064,3148.956299,6.918,1
175,77.54433,34.76083,3185.0,,1
176,77.54411,34.76073,3186.0,,1
177,77.54393,34.7606,3186.0,,1
178,77.577155,34.67159,3098.252197,3.88,1
179,77.604844,34.639362,3095.17041,7.053,1
180,77.605742,34.63948,3090.750977,7.3,1
181,77.605155,34.639541,3093.915527,6.273,1
182,77.604309,34.63944,3098.318359,5.277,1
183,77.605602,34.639339,3089.960938,5.156,1
184,77.618019,34.629898,3155.240234,3.778,1
185,77.608461,34.619676,3082.865234,5.44,1
186,77.608064,34.620244,3115.800049,8.279,1
187,77.609501,34.620863,3119.900146,6.587,1
188,77.618797,34.612423,3116.500244,6.189,1
189,77.619772,34.612289,3116.500244,7.573,1
190,77.620769,34.612219,3107.800049,7.699,1
191,77.620187,34.612205,3107.800049,8.141,1
192,77.617445,34.611838,3100.523193,4.201,1
193,77.616859,34.612066,3107.800049,5.773,1
194,77.616833,34.611768,3107.800049,8.754,1
195,77.616833,34.60849,3122.0,,1
196,77.61912,34.607542,3122.100098,7.562,1
197,77.614936,34.5887,3094.436768,7.377,1
198,77.614504,34.58931,3095.533203,6.425,1
199,77.614345,34.589929,3095.251953,5.303,1
200,77.614,34.590303,3089.180908,5.014,1
201,77.628161,34.554974,3102.587646,4.548,1
202,77.628273,34.555093,3104.524902,3.834,1
203,77.628621,34.555315,3107.509277,4.464,1
204,77.636252,34.544468,3113.461426,5.6,1
205,77.57091,34.555452,3089.315186,5.627,1
206,77.573408,34.556593,3122.200195,8.484,1
207,77.573915,34.556939,3094.918213,5.224,1
208,77.575756,34.557779,3088.448486,7.309,1
209,77.576544,34.557962,3089.630127,6.709,1
210,77.576246,34.558103,3154.200195,8.927,1
211,77.5577,34.567063,3096.26001,5.463,1
212,77.571802,34.553084,3111.900146,4.135,1
213,77.571474,34.553197,3111.900146,7.924,1
214,77.57161,34.553009,3110.200195,4.322,1
215,77.571837,34.552874,3111.900146,5.544,1
216,77.498436,34.575119,3096.400146,5.686,1
217,77.498536,34.575557,3096.400146,6.597,1
218,77.498399,34.575319,3060.616699,9.628,1
219,77.500432,34.574832,3052.100342,6.884,1
220,77.501471,34.574776,3060.884033,6.108,1
221,77.501851,34.574378,3061.939697,5.284,1
222,77.503632,34.573571,3059.732666,6.877,1
223,77.504918,34.573889,3060.331299,5.161,1
224,77.506014,34.574824,3053.980957,5.305,1
225,77.525543,34.561837,3076.282715,3.621,1
226,77.551378,34.556222,3073.140625,4.046,1
227,77.551389,34.556093,3080.717041,4.713,1
228,77.551256,34.555971,3084.227051,5.061,1
229,77.70444,34.51244,3186.0,,1
230,77.72691,34.48204,3223.0,,1
231,77.72655,34.48208,3220.0,,1
232,77.72672,34.48225,3224.0,,1
233,77.88511,34.25203,4017.0,,1
234,77.88397,34.25251,4020.0,,1
235,77.866366,34.253195,3835.0,,1
236,77.86697,34.25392,3827.0,,1
237,76.93729,33.68677,3413.0,,1
238,76.93816,33.68645,3417.0,,1
239,76.93913,33.68565,3429.0,,1
240,76.94005,33.68487,3411.0,,1
241,76.9412,33.6844,3407.0,,1
242,76.94215,33.68383,3414.0,,1
243,76.94286,33.6834,3412.0,,1
244,76.873249,33.497805,3499.598389,5.656,1
245,76.85819,33.49958,3548.0,,1
246,76.154835,34.545414,2882.900146,72.900002,1
247,76.771327,33.535223,3547.47168,3.652,1
248,76.771347,33.535696,3549.842529,3.341,1
249,76.771362,33.535747,3551.270996,7.599,1
250,76.771146,33.536004,3544.297852,9.203,1
251,76.77113,33.536054,3544.306396,5.51,1
252,76.770949,33.536597,3547.287354,4.362,1
253,76.770753,33.537164,3547.105225,7.712,1
254,76.765557,33.5452,3545.586426,5.185,1
255,76.766042,33.544955,3557.786133,4.503,1
256,76.766246,33.54491,3550.661133,8.391,1
257,76.89853,33.51167,3522.0,,1
258,77.64781,34.53415,3162.0,8.0,1
259,77.38329,34.99864,3332.0,3.0,1
260,77.38206,35.00035,3329.0,2.0,1
261,77.37799,35.00964,3340.0,3.0,1
262,77.37339,35.01654,3340.0,3.0,1
263,77.37244,35.01898,3343.0,3.0,1
264,77.37267,35.01849,3341.0,4.0,1
265,77.40074,34.98358,3392.0,5.0,1
266,77.4435,34.94494,3287.0,3.0,1
267,77.44392,34.94449,3291.0,3.0,1
268,77.4819,34.89158,3274.0,3.0,1
269,77.5127,34.82168,3253.0,3.0,1
270,77.51218,34.82129,3248.0,3.0,1
271,77.51141,34.81836,3248.0,6.0,1
272,77.5132,34.81577,3253.0,5.0,1
273,77.51353,34.81271,3252.0,4.0,1
274,77.50656,34.80298,3209.0,2.0,1
275,77.64803,34.53538,3174.0,3.0,1
276,78.13772,34.17776,3768.0,5.0,1
277,78.13801,34.17792,3766.0,4.0,1
278,77.86876,34.25684,3804.0,4.0,1
279,77.86841,34.25531,3802.0,4.0,1
280,77.86828,34.2556,3803.0,5.0,1
281,77.8679,34.25579,2805.0,7.0,1
282,77.8679,34.25545,3808.0,7.0,1
283,77.86823,34.25509,3814.0,5.0,1
284,77.86821,34.25499,3815.0,4.0,1
285,77.86803,34.25455,3819.0,5.0,1
286,77.86787,34.25451,3821.0,5.0,1
287,77.86777,34.25382,3830.0,5.0,1
288,77.86719,34.25328,3835.0,4.0,1
289,77.88545,34.25193,4020.0,5.0,1
290,77.88519,34.25203,4017.0,6.0,1
291,77.88475,34.25211,4019.0,6.0,1
292,76.88768,33.48709,3552.0,3.0,1
293,76.8873,33.48734,3555.0,3.0,1
294,76.88667,33.48913,3546.0,3.0,1
295,76.8865,33.48951,3543.0,3.0,1
296,76.88533,33.49061,3543.0,4.0,1
297,76.88463,33.49134,3547.0,3.0,1
298,76.87799,33.4945,3542.0,3.0,1
299,76.87802,33.49813,3533.0,3.0,1
300,76.87847,33.49814,3527.0,3.0,1
301,76.87943,33.49812,3524.0,3.0,1
302,76.8803,33.49852,3523.0,3.0,1
303,76.88081,33.49857,3523.0,3.0,1
304,76.88129,33.49868,3523.0,3.0,1
305,76.87318,33.49717,3533.0,3.0,1
306,76.87362,33.49739,3527.0,3.0,1
307,76.87429,33.49754,3534.0,3.0,1
308,76.87267,33.49697,3530.0,3.0,1
309,76.86877,33.49219,3554.0,5.0,1
310,76.86449,33.49306,3554.0,4.0,1
311,76.86378,33.49782,3541.0,3.0,1
312,76.86374,33.49816,3542.0,3.0,1
313,76.86337,33.49894,3541.0,3.0,1
314,76.86306,33.49977,3541.0,3.0,1
315,76.86327,33.5011,3541.0,3.0,1
316,76.86362,33.50152,3543.0,3.0,1
317,76.86216,33.50254,3543.0,3.0,1
318,76.8606,33.50279,3541.0,3.0,1
319,76.86188,33.49981,3541.0,3.0,1
320,76.861,33.50013,3542.0,3.0,1
321,76.86033,33.50029,3543.0,3.0,1
322,76.85972,33.50011,3540.0,3.0,1
323,76.85866,33.49989,3543.0,3.0,1
324,76.85823,33.4996,3545.0,3.0,1
325,76.85677,33.49984,3546.0,3.0,1
326,76.85545,33.50035,3545.0,3.0,1
327,76.85555,33.50074,3548.0,3.0,1
328,76.85526,33.50105,3545.0,3.0,1
329,76.85461,33.50137,3544.0,3.0,1
330,76.85506,33.50055,3550.0,4.0,1
331,76.77975,33.53157,3589.0,13.0,1
332,76.7791,33.5317,3587.0,12.0,1
333,76.77787,33.53163,3583.0,12.0,1
334,76.77722,33.53201,3587.0,11.0,1
335,76.7788,33.53487,3585.0,4.0,1
336,76.77824,33.5336,3581.0,3.0,1
337,76.77813,33.53304,3581.0,4.0,1
338,76.77731,33.53362,3582.0,3.0,1
339,76.77712,33.53418,3578.0,3.0,1
340,76.77646,33.53463,3581.0,3.0,1
341,76.77662,33.53511,3581.0,3.0,1
342,76.77621,33.53575,3585.0,3.0,1
343,76.77664,33.53592,3580.0,3.0,1
344,76.77687,33.53633,3577.0,4.0,1
345,76.7769,33.53666,3579.0,3.0,1
346,76.77655,33.53725,3587.0,4.0,1
347,76.77611,33.53802,3585.0,4.0,1
348,76.77568,33.53846,3585.0,4.0,1
349,76.77511,33.53855,3584.0,4.0,1
350,76.77657,33.53827,3584.0,3.0,1
351,76.77615,33.53883,3581.0,3.0,1
352,76.77596,33.53896,3582.0,3.0,1
353,76.77578,33.53944,3582.0,3.0,1
354,76.77473,33.54017,3587.0,3.0,1
355,76.77449,33.54105,3589.0,3.0,1
356,76.77411,33.54166,3584.0,3.0,1
357,76.77358,33.54237,3588.0,3.0,1
358,76.7739,33.54203,3587.0,3.0,1
359,76.77431,33.54149,3591.0,3.0,1
360,76.77528,33.54081,3588.0,3.0,1
361,76.93548,33.39317,3694.0,3.0,1
362,76.93633,33.39332,3702.0,3.0,1
363,76.93324,33.39516,3729.0,4.0,1
364,76.93297,33.39548,3728.0,5.0,1
365,76.9325,33.3962,3727.0,3.0,1
366,76.93256,33.39689,3735.0,3.0,1
367,76.93233,33.39715,3737.0,4.0,1
368,76.93233,33.39746,3742.0,3.0,1
369,76.93195,33.39813,3748.0,3.0,1
370,76.93207,33.39838,3757.0,3.0,1
371,76.93183,33.39873,3760.0,3.0,1
372,76.93152,33.39904,3761.0,3.0,1
373,76.93128,33.39933,3758.0,3.0,1
374,76.93027,33.39962,3760.0,3.0,1
375,76.93007,33.39373,3753.0,3.0,1
376,76.93629,33.39314,3704.0,7.0,1
377,76.93289,33.39283,3667.0,3.0,1
378,76.93255,33.39278,3669.0,3.0,1
379,76.93204,33.39272,3669.0,3.0,1
380,76.90825,33.43387,3784.0,5.0,1
381,76.90325,33.43354,3755.0,4.0,1
382,76.90049,33.43369,3752.0,7.0,1
383,76.89836,33.43344,3730.0,5.0,1
384,76.89848,33.43311,3718.0,3.0,1
385,76.90078,33.43259,3700.0,4.0,1
386,76.90078,33.43258,3700.0,3.0,1
387,76.90035,33.43259,3703.0,3.0,1
388,76.80676,33.5126,3565.0,3.0,1
389,76.80696,33.51241,3564.0,3.0,1
390,76.80735,33.51247,3562.0,4.0,1
391,76.80788,33.51197,3566.0,3.0,1
392,76.93057,33.39792,3727.0,4.0,1
393,76.93003,33.9388,3733.0,2.0,1
394,76.93111,33.39722,3709.0,4.0,1
395,76.92989,33.39639,3643.0,4.0,1
396,76.9302,33.39898,3737.0,2.0,1
397,76.93139,33.39742,3722.0,3.0,1
398,76.92985,33.39779,3697.0,3.0,1
399,76.9304,33.39744,3709.0,3.0,1
400,76.93627,33.39292,3681.0,3.0,1
401,76.9299,33.39799,3708.0,3.0,1
402,76.89434,33.50996,3517.0,4.0,1
403,76.89439,33.50907,3519.0,4.0,1
404,76.89451,33.50882,3518.0,3.0,1
405,76.8944,33.50867,3529.0,3.0,1
406,76.89426,33.5085,3531.0,3.0,1
407,76.89442,33.50811,3531.0,3.0,1
408,76.89425,33.50801,3529.0,3.0,1
409,76.89414,33.50797,3528.0,3.0,1
410,76.89355,33.50781,3525.0,3.0,1
411,76.89333,33.50742,3524.0,3.0,1
412,76.89299,33.507,3526.0,3.0,1
413,77.50656,34.80298,3209.0,2.0,1
414,76.949725,34.8165194,,,1
415,77.7312611,33.9036694,,,1
416,77.8842833,33.7788278,,,1
417,77.6828778,34.0970111,,,1
418,77.5210611,34.8101944,,,1
419,77.593725,34.1936139,,,1
420,77.5220667,34.8104556,,,1
421,76.9503111,34.816425,,,1
422,77.5944889,34.1930917,,,1
423,76.9503083,34.8164889,,,1
424,77.5941361,34.1900056,,,1
425,77.5733806,34.5566611,,,1
426,76.9457306,34.8176889,,,1
427,77.5220611,34.8104556,,,1
428,77.5366222,34.7760528,,,1
429,77.6410556,34.0583694,,,1
430,76.9503806,34.8164917,,,1
431,76.8015306,34.8942361,,,1
432,77.5945667,34.193175,,,1
433,77.6767778,33.9997028,,,1
434,77.7395056,33.9045361,,,1
435,76.8015306,34.8942361,,,1
436,77.7406528,33.9054972,,,1
437,77.5220694,34.8104556,,,1
438,76.9499278,34.8161278,,,1
439,77.6410556,34.0583694,,,1
440,77.6734806,34.03145,,,1
441,77.7331528,33.9030194,,,1
442,76.7913639,34.9096889,,,1
443,77.6901944,34.1038167,,,1
444,77.6818028,33.9929222,,,1
445,77.6421444,34.0593111,,,1
446,77.6639194,34.042175,,,1
447,77.7331389,33.9030444,,,1
448,77.3833583,34.9986,,,1
449,76.7910333,34.9091139,,,1
450,76.7910306,34.9091139,,,1
451,77.5371889,34.7776,3173.2,3.4,1
452,77.5458972,34.7615083,3166.6,3.4,1
453,77.544775,34.7618861,3166.8,2.6,1
454,77.5447472,34.7619083,3165.2,3.6,1
455,77.5447389,34.7619278,3167.8,6.4,1
456,77.5440111,34.7617472,3166.1,2.9,1
457,77.5441056,34.7617222,3166.1,6.2,1
458,77.5441111,34.7617222,3164.5,7.1,1
459,77.5442028,34.7616667,3165.6,5.5,1
460,77.5445583,34.7616806,3165.8,2.7,1
461,77.5448944,34.7614889,3168.9,4.8,1
462,77.6288611,34.5552056,3127.5,2.9,1
463,77.5765694,34.5580056,3112.3,3.5,1
464,77.5766278,34.5581528,3111.7,4.8,1
465,77.5600306,34.5698861,3105.0,3.5,1
466,77.5492889,34.5566278,3103.6,3.1,1
467,77.5505444,34.5566472,3103.6,4.8,1
468,77.5520028,34.5561444,3108.3,4.8,1
469,76.7919528,34.9075333,,,1
470,76.7922361,34.9074972,,,1
471,76.7911056,34.9095611,,,1
472,76.7911111,34.9095611,,,1
473,76.7966806,34.9249556,,,1
474,76.796675,34.9250056,,,1
475,76.8017444,34.8940861,,,1
476,76.8018889,34.893925,,,1
477,76.8023139,34.8936,,,1
478,76.8023111,34.8935972,,,1
479,76.8200139,34.8680861,,,1
480,76.8207722,34.8678194,,,1
481,76.9050694,34.8337639,,,1
482,76.9052111,34.8336694,,,1
483,76.9054028,34.8337917,,,1
484,76.9537194,34.8162472,,,1
485,76.9506028,34.816525,,,1
486,76.9505722,34.8167778,,,1
487,76.9505111,34.8169639,,,1
488,76.9505139,34.8169639,,,1
489,76.9506694,34.8168861,,,1
490,76.9505389,34.8168722,,,1
491,76.9504639,34.81655,,,1
492,77.2247444,34.7079972,,,1
493,77.2247472,34.7079722,,,1
494,77.3089306,34.6658778,,,1
495,77.3089278,34.6656833,,,1
496,77.3435583,34.6666806,,,1
497,77.3435361,34.6666778,,,1
498,77.2660222,34.7055,,,1
499,77.2660472,34.7054778,,,1
500,77.2638556,34.7052028,,,1
501,77.2636806,34.7052139,,,1
502,77.2630194,34.7046778,,,1
503,77.2627472,34.70475,,,1
504,77.2626889,34.7047306,,,1
505,77.2627,34.7047361,,,1
506,77.2634972,34.7046278,,,1
507,77.2637194,34.7046361,,,1
508,77.266825,34.705,,,1
509,77.2672583,34.7048944,,,1
510,77.2675472,34.7048056,,,1
511,77.267675,34.7048139,,,1
512,77.2699889,34.7041028,,,1
513,77.2699861,34.7041056,,,1
514,77.2699889,34.7041056,,,1
515,77.3395,34.683925,,,1
516,77.3395083,34.6839278,,,1
517,77.2912194,34.6886278,,,1
518,77.2912278,34.6886333,,,1
519,77.6162556,34.5834028,,,1
520,77.6162361,34.5836111,,,1
521,77.6166417,34.5840722,,,1
522,77.6167861,34.5843,,,1
523,77.6168694,34.58465,,,1
524,77.3833083,34.9983333,,,1
525,77.3833194,34.9983611,,,1
526,77.3822861,35.0003444,,,1
527,77.4014083,34.9800111,,,1
528,77.4014778,34.9799444,,,1
529,77.4015222,34.9800472,,,1
530,77.4014917,34.9800611,,,1
531,77.4014889,34.9800944,,,1
532,77.4747333,34.9275972,,,1
533,77.4747361,34.9275806,,,1
534,77.4743389,34.9276139,,,1
535,77.4743417,34.9276139,,,1
536,77.4743472,34.9276389,,,1
537,77.5077667,34.8066417,,,1
538,77.5077778,34.806625,,,1
539,77.4874611,34.832475,,,1
540,77.5213,34.7759667,,,1
541,77.5215083,34.7758833,,,1
542,77.523,34.7727167,,,1
543,77.5293,34.7574444,,,1
544,77.5293028,34.7574583,,,1
545,77.5494389,34.6856639,,,1
546,77.5515333,34.6851611,,,1
547,77.5515333,34.6851611,,,1
548,77.5516139,34.6852889,,,1
549,77.5516222,34.6852889,,,1
550,77.5516556,34.6852722,,,1
551,77.55165,34.6852861,,,1
552,77.5517861,34.6853306,,,1
553,77.5517694,34.6853833,,,1
554,77.5517694,34.6853361,,,1
555,77.5234278,34.8005278,,,1
556,77.52345,34.8005694,3206.5,,1
557,77.5231417,34.8007444,,,1
558,77.5229639,34.8010806,,,1
559,77.5228278,34.8011083,,,1
560,77.5226556,34.8011528,,,1
561,77.5226583,34.8011472,,,1
562,77.5228778,34.8014889,,,1
563,77.5228444,34.8014722,,,1
564,77.522575,34.8015694,,,1
565,77.5222889,34.8017417,,,1
566,77.5225194,34.8018556,,,1
567,77.5371889,34.7776306,,,1
568,77.5370944,34.7775389,,,1
569,77.5459,34.7615,3166.0,6.0,1
570,77.54572,34.76167,3167.0,5.0,1
571,77.54539,34.76182,3167.0,2.0,1
572,77.54509,34.7619,3166.0,2.0,1
573,77.54478,34.76196,3166.0,5.0,1
574,77.54474,34.76192,3166.0,3.0,1
575,77.544,34.76175,3164.0,3.0,1
576,77.54411,34.76172,3166.0,6.0,1
577,77.5442,34.76166,3165.0,5.0,1
578,77.54457,34.76174,3170.0,5.0,1
579,77.54491,34.76149,3168.0,5.0,1
580,77.59076,34.68418,3219.0,5.0,1
581,77.61581,34.61111,3114.0,,1
582,77.61251,34.60774,3112.0,,1
583,77.62731,34.55579,3127.0,,1
584,77.5733028,34.5566694,,,1
585,77.5761028,34.5581306,,,1
586,77.5760944,34.5581333,,,1
587,77.7738944,33.8799361,3406.0,3.7,1
588,77.7738806,33.8799472,3408.3,3.5,1
589,77.7738806,33.8799528,3409.1,3.5,1
590,77.7738639,33.8797278,3401.0,3.5,1
591,77.7738722,33.8797222,3400.9,3.5,1
592,77.8856194,33.7794917,3595.1,4.7,1
593,77.8843222,33.7789639,3585.4,11.5,1
594,77.8841556,33.7789778,3581.4,3.5,1
595,77.8843083,33.7788083,3583.9,13.9,1
596,77.8843472,33.7788361,3583.7,5.5,1
597,77.8845889,33.7786833,3585.3,3.7,1
598,77.8845889,33.7786861,3585.9,4.7,1
599,77.8846889,33.7782583,3577.9,2.8,1
600,77.8846972,33.7781806,3579.5,3.4,1
601,77.8846972,33.7781806,3580.8,3.6,1
602,77.8847056,33.7781722,3580.6,3.0,1
603,77.8847111,33.7780583,3579.5,17.0,1
604,77.8728639,33.7762139,3500.9,3.2,1
605,77.8728639,33.7762194,3501.9,4.9,1
606,77.872125,33.7762139,3499.2,2.9,1
607,77.8716972,33.7761639,3493.0,3.5,1
608,77.8722389,33.7757194,3493.7,5.3,1
609,77.8725278,33.7759667,3492.1,4.9,1
610,77.6910333,34.1039583,3654.4,5.5,1
611,77.6910694,34.1039556,3654.9,14.0,1
612,77.6910556,34.1039667,3652.6,4.7,1
613,77.6909778,34.1040111,3646.2,3.5,1
614,77.6910167,34.104,3649.6,3.5,1
615,77.6910556,34.1039083,3654.1,3.5,1
616,77.6910556,34.1039111,3653.9,4.8,1
617,77.6910556,34.1039111,3654.1,4.5,1
618,77.3348472,34.1940944,3139.7,13.9,1
619,77.3349,34.1940944,3140.2,19.1,1
620,77.3348222,34.1940722,3139.3,4.7,1
621,77.3348,34.1940889,3137.3,4.7,1
622,77.3347639,34.1939306,3121.9,110.9,1
623,77.3348917,34.1939889,3134.6,18.7,1
624,77.3348917,34.1941944,3144.9,2.7,1
625,77.3351361,34.1944306,3145.8,3.2,1
626,77.5881806,34.1039917,3215.9,3.5,1
627,77.5881806,34.1039917,3216.6,3.5,1
628,77.5882194,34.1040639,3215.6,4.8,1
629,77.5882111,34.1040639,3216.4,4.8,1
630,77.58825,34.1040722,3215.7,2.6,1
631,77.58825,34.1040806,3216.5,3.4,1
632,77.58825,34.1040722,3216.1,4.1,1
633,77.58825,34.1040722,3215.9,4.5,1
634,77.5885778,34.1040417,3217.5,3.5,1
635,77.5885778,34.1040306,3216.9,3.5,1
636,77.5885861,34.1040278,3217.1,3.5,1
637,77.5885861,34.1040278,3217.7,4.8,1
638,77.5885861,34.1040222,3217.5,4.8,1
639,77.5885861,34.1040306,3217.6,4.8,1
640,77.5888667,34.1041444,3209.6,3.5,1
641,77.5888667,34.1042333,3214.4,3.5,1
642,77.5888667,34.1042333,3214.4,4.8,1
643,77.5888583,34.1042278,3215.1,3.8,1
644,77.5888583,34.104225,3217.7,2.9,1
645,77.5893694,34.1039861,3217.2,3.5,1
646,77.5893694,34.1039778,3216.0,4.8,1
647,77.5893639,34.1039778,3216.3,4.8,1
648,77.5893639,34.1039778,3216.3,4.8,1
649,77.5893694,34.1039806,3217.7,2.1,1
650,77.7406694,33.9054861,3376.6,3.5,1
651,77.733125,33.9030417,3406.5,5.6,1
652,77.7314083,33.9099083,3417.7,14.0,1
653,77.7313694,33.9099417,3406.2,4.8,1
654,77.6910639,34.103775,3649.3,4.8,1
655,77.6910639,34.1037861,3651.4,4.8,1
656,77.6910556,34.1037833,3653.7,4.8,1
657,77.6861278,34.0995861,3607.0,3.5,1
658,77.6861333,34.0995861,3607.1,3.5,1
659,77.6421444,34.0593028,3250.8,4.8,1
660,77.641075,34.05835,3249.8,4.8,1
661,77.641075,34.0583528,3249.8,4.8,1
662,77.6694556,34.0192667,3283.0,4.8,1
663,77.6694556,34.0192556,3281.7,2.3,1
664,77.6733389,34.0092667,3296.6,3.5,1
665,77.6733389,34.0092889,3297.3,4.8,1
666,77.5945667,34.1931639,3734.1,3.5,1
667,77.5945667,34.1931639,3734.0,3.5,1
668,77.595,34.1961028,3752.2,4.1,1
669,77.5568694,34.1118278,3206.1,3.9,1
670,77.6671,34.043225,3261.0,3.5,1
671,77.6671,34.043225,3261.7,3.5,1
672,77.6671,34.043225,3262.3,3.5,1
673,77.6671,34.043225,3262.3,3.5,1
674,77.6670917,34.043225,3262.2,3.5,1
675,77.6818083,33.9929194,3310.3,5.5,1
676,77.6818083,33.9929194,3310.8,4.7,1
677,77.5773389,34.5504611,3141.8,17.3,1
678,77.5772333,34.5506083,3105.9,8.9,1
679,77.5772861,34.5505972,3106.6,4.9,1
680,77.6486139,34.5338361,3154.9,14.0,1
681,77.6485667,34.533825,3150.3,3.5,1
682,77.648575,34.533825,3152.5,3.5,1
683,77.6485833,34.5338167,3150.8,4.7,1
684,77.6485833,34.5338139,3149.9,4.7,1
685,76.79086,34.90898,2757.0,5.0,1
686,76.791,34.9090778,2750.1,14.0,1
687,76.7909861,34.909125,2760.8,4.8,1
688,76.7909861,34.909125,2760.8,4.8,1
689,76.7909861,34.9091139,2762.6,4.8,1
690,76.7909917,34.9091139,2761.5,4.8,1
691,76.7911389,34.9091833,2747.1,14.0,1
692,76.7912361,34.9093278,2754.3,14.0,1
693,76.791275,34.9093361,2749.2,14.0,1
694,76.791275,34.9093389,2750.2,14.0,1
695,76.791275,34.9093444,2766.5,4.8,1
696,76.791275,34.9093444,2766.5,4.8,1
697,76.791275,34.9093444,2766.5,4.8,1
698,76.791275,34.9093361,2763.2,4.5,1
699,76.791275,34.9093361,2763.2,5.0,1
700,76.7912667,34.9093333,2763.2,5.6,1
701,76.7912667,34.9093333,2762.9,6.3,1
702,76.7914417,34.9097222,2758.0,5.9,1
703,76.7914194,34.909725,2750.9,3.8,1
704,76.79937,34.92455,2884.0,5.0,1
705,76.797775,34.9274778,2873.7,14.0,1
706,76.7977833,34.9274833,2875.6,14.0,1
707,76.7961667,34.9280472,2855.0,13.9,1
708,76.7961667,34.9280278,2854.8,41.3,1
709,76.7961667,34.9280472,2871.0,4.7,1
710,76.7961667,34.9280472,2870.8,4.7,1
711,76.7961667,34.9280472,2870.8,4.7,1
712,76.7961667,34.9280472,2870.7,4.8,1
713,76.7961667,34.9280472,2870.7,4.8,1
714,76.7961667,34.9280472,2870.7,4.7,1
715,76.7961889,34.9280583,2870.3,8.9,1
716,76.7961889,34.92805,2868.2,4.8,1
717,76.7961889,34.92805,2868.4,4.2,1
718,76.7961889,34.92805,2867.5,3.8,1
719,76.7962028,34.9280278,2863.3,9.5,1
720,76.7962028,34.928025,2863.5,8.9,1
721,76.7961722,34.9280167,2864.5,6.1,1
722,76.7961806,34.9280139,2864.5,7.5,1
723,76.79599,34.92812,2862.0,5.0,1
724,76.79599,34.92812,2863.0,5.0,1
725,76.79596,34.9281,2870.0,13.0,1
726,76.7957,34.92829,2867.0,11.0,1
727,76.7957,34.9282806,2865.9,11.3,1
728,76.7956861,34.928275,2866.4,10.8,1
729,76.7957,34.9282806,2866.0,10.3,1
730,76.7956917,34.928275,2866.7,9.3,1
731,76.79575,34.92832,2869.0,8.0,1
732,76.7963556,34.9265167,2840.6,15.3,1
733,76.79613,34.92649,2855.0,5.0,1
734,76.79613,34.92649,2855.0,5.0,1
735,76.7961583,34.926475,2852.5,4.8,1
736,76.7961583,34.9264861,2837.0,14.0,1
737,76.7961583,34.9264972,2836.5,14.0,1
738,76.7963639,34.92585,2855.9,4.8,1
739,76.79639,34.92566,2857.0,5.0,1
740,76.79639,34.92566,2857.0,5.0,1
741,76.79639,34.92566,2858.0,5.0,1
742,76.7965,34.92547,2841.0,4.0,1
743,76.7966472,34.9252778,2845.1,14.0,1
744,76.7966389,34.9252667,2843.8,14.0,1
745,76.79664,34.92495,2857.0,5.0,1
746,76.79675,34.925,2865.0,9.0,1
747,76.7967528,34.9250028,2865.5,10.1,1
748,76.7975389,34.9246333,2867.7,641.8,1
749,76.7975306,34.9255944,2886.3,14.0,1
750,76.7975611,34.9255861,2882.5,14.0,1
751,76.79317,34.90205,2755.0,4.0,1
752,76.8006361,34.8930139,2756.2,13.9,1
753,76.80155,34.89421,2756.0,8.0,1
754,76.82211,34.85232,2794.0,14.0,1
755,76.8221194,34.8523222,2788.5,4.8,1
756,76.8804861,34.8386806,2838.0,5.0,1
757,76.90518,34.83421,2839.0,5.0,1
758,76.90905,34.83255,2843.0,4.0,1
759,76.9090639,34.8325778,2842.8,4.8,1
760,76.9106,34.8325194,2855.2,3.5,1
761,76.9106306,34.83255,2853.2,4.8,1
762,77.2394972,34.6913333,3076.9,,1
763,76.9547444,34.8163944,,,1
764,76.9547389,34.8163861,2893.0,,1
765,76.9547389,34.8163861,2893.0,,1
766,76.95475,34.8164167,2893.3,14.0,1
767,76.9547222,34.8163889,2890.0,,1
768,76.9561222,34.8157278,2941.2,,1
769,76.9561222,34.8157278,2941.2,,1
770,76.94991,34.81637,2883.0,5.0,1
771,76.94991,34.81637,2883.0,5.0,1
772,76.9499389,34.8163944,,,1
773,76.9499389,34.8163944,2892.6,,1
774,76.9499389,34.8163944,2892.6,,1
775,76.9499389,34.8163944,2892.6,,1
776,76.9499389,34.8163944,2892.6,,1
777,76.9498389,34.8166111,2888.2,,1
778,76.94972,34.81653,2889.0,5.0,1
779,76.949725,34.8165194,,,1
780,76.949725,34.8165194,,,1
781,76.9493556,34.8165556,2886.5,3.5,1
782,76.949325,34.8165556,2890.4,3.5,1
783,76.9492722,34.8165278,2888.3,4.8,1
784,76.94909,34.81648,2885.0,3.0,1
785,76.94904,34.81646,2885.0,3.0,1
786,76.95016,34.81665,2889.0,5.0,1
787,76.95021,34.81663,2890.0,4.0,1
788,76.95031,34.81649,2889.0,4.0,1
789,76.9503083,34.8164889,,,1
790,76.9503111,34.816425,,,1
791,76.9503139,34.8164333,,,1
792,76.9503806,34.8164917,,,1
793,76.9499278,34.8161278,,,1
794,76.9499194,34.8161389,2884.5,4.8,1
795,76.94992,34.81615,2886.0,5.0,1
796,76.94557,34.81774,2896.0,8.0,1
797,76.9455639,34.8176722,2894.8,8.9,1
798,76.9455639,34.8176722,2894.8,8.9,1
799,76.9455639,34.8176722,2894.8,9.0,1
800,76.9455639,34.8176722,2894.8,9.1,1
801,76.9456722,34.8176833,2893.1,4.8,1
802,76.9456639,34.8177083,2891.0,3.5,1
803,76.9456556,34.8177083,2891.0,3.5,1
804,76.9460361,34.8176111,2900.8,14.0,1
805,76.94612,34.81765,2896.0,6.0,1
806,76.945725,34.8176889,2893.7,4.1,1
807,76.945725,34.8176889,2893.7,4.0,1
808,76.9457444,34.8176944,,,1
809,76.9457278,34.8176889,,,1
810,76.9457306,34.8176889,,,1
811,76.9449,34.8180472,2892.5,3.5,1
812,76.9449,34.8180389,2892.4,3.5,1
813,76.94096,34.81902,2892.0,4.0,1
814,76.94099,34.81903,2891.0,3.0,1
815,76.941025,34.8190306,2889.3,,1
816,76.94012,34.81949,2888.0,9.0,1
817,76.9398,34.81967,2885.0,4.0,1
818,76.9397889,34.8196667,2884.8,,1
819,76.9397889,34.8196667,2884.8,,1
820,76.93985,34.81958,2885.0,14.0,1
821,76.9396667,34.8198361,2881.8,3.5,1
822,76.9381472,34.8204889,2876.0,14.0,1
823,76.937875,34.8205639,2879.4,3.5,1
824,76.937875,34.8205722,2878.6,3.5,1
825,76.937875,34.8205917,2876.2,4.8,1
826,76.9378667,34.8205944,2875.4,4.8,1
827,76.9378444,34.8206056,2876.3,4.8,1
828,76.9370111,34.8207861,2879.8,4.8,1
829,76.938775,34.8204167,2877.8,4.8,1
830,76.9227,34.82726,2857.0,4.0,1
831,76.9226917,34.8272444,2857.5,4.8,1
832,76.9226833,34.8272389,2857.5,4.8,1
833,76.9227444,34.8270694,2835.2,14.0,1
834,76.9227528,34.8270722,2850.4,8.2,1
835,76.9397806,34.813825,2881.3,9.6,1
836,76.94012,34.81418,2874.0,4.0,1
837,76.94012,34.81418,2874.0,4.0,1
838,76.9400944,34.8141722,2876.7,5.3,1
839,76.9400944,34.8141583,2876.3,5.8,1
840,76.9417,34.81363,2878.0,5.0,1
841,76.9417639,34.8136333,2877.1,4.8,1
842,76.9417722,34.8136333,2878.3,4.8,1
843,77.190925,34.7372583,3078.2,,1
844,77.190925,34.7372583,3078.2,,1
845,77.24205,34.6987417,,3059.0,1
846,77.2242889,34.7069056,3050.8,3.4,1
847,77.2242972,34.7069167,3048.8,3.5,1
848,77.24218,34.69636,3042.0,5.0,1
849,77.24217,34.69636,3042.0,5.0,1
850,77.24205,34.69682,3052.0,4.0,1
851,77.24205,34.69683,3050.0,3.0,1
852,77.24186,34.69665,3044.0,5.0,1
853,77.25826,34.69083,3070.0,5.0,1
854,77.2671,34.68622,3042.0,4.0,1
855,77.2671,34.68624,3046.0,3.0,1
856,77.2671056,34.6855389,3043.6,12.6,1
857,77.470771,34.589391,3109.0,,1
858,77.470771,34.589391,3109.0,,1
859,77.34448,34.66714,3053.0,4.0,1
860,77.34462,34.6672,3050.0,4.0,1
861,77.34501,34.66716,3050.0,5.0,1
862,77.34501,34.66718,3.0,7.0,1
863,77.345,34.66719,3051.0,7.0,1
864,77.34532,34.66723,3052.0,6.0,1
865,77.34547,34.66708,3044.0,3.0,1
866,77.34565,34.66698,3050.0,3.0,1
867,77.3456444,34.666975,3049.1,,1
868,77.3456639,34.6669528,3048.5,3.2,1
869,77.3457639,34.6668056,3053.7,,1
870,77.34582,34.66685,3053.0,4.0,1
871,77.3458111,34.6668361,3052.7,3.4,1
872,77.25755,34.70667,3055.0,4.0,1
873,77.25689,34.70679,3055.0,5.0,1
874,77.2568667,34.7067917,3055.6,9.3,1
875,77.2567444,34.7067528,3048.4,5.6,1
876,77.25676,34.70682,3050.0,5.0,1
877,77.25622,34.70662,3037.0,8.0,1
878,77.25626,34.70664,3037.0,6.0,1
879,77.25623,34.70664,3038.0,5.0,1
880,77.2559972,34.7067028,3034.5,14.0,1
881,77.3395917,34.6840083,3067.8,3.7,1
882,77.3395917,34.6840083,3067.5,3.5,1
883,77.3395917,34.6840056,3067.6,3.4,1
884,77.3395833,34.6840056,3067.0,3.6,1
885,77.33925,34.6845944,3075.1,5.3,1
886,77.3392028,34.6846167,3076.2,3.5,1
887,77.3069,34.68861,3077.0,5.0,1
888,77.30683,34.68864,3077.0,3.0,1
889,77.30673,34.68872,3075.0,4.0,1
890,77.2913194,34.6886167,3043.1,3.5,1
891,77.2913056,34.6885944,3040.5,3.5,1
892,77.2913139,34.6885722,3038.6,4.8,1
893,77.29131,34.68853,3040.0,5.0,1
894,77.2913,34.68853,3040.0,3.0,1
895,77.2913,34.68853,3.0,4.0,1
896,77.29155,34.68846,3040.0,3.0,1
897,77.29155,34.6884583,3040.0,2.9,1
898,77.29155,34.6884583,3040.5,3.0,1
899,77.2915583,34.6884639,3040.0,3.4,1
900,77.2916861,34.688525,3039.6,3.7,1
901,77.2918694,34.6885083,3039.8,3.1,1
902,77.2918611,34.6885,3040.5,3.0,1
903,77.29185,34.68846,3040.0,3.0,1
904,77.29185,34.68845,3041.0,3.0,1
905,77.2920528,34.6883889,3041.3,14.0,1
906,77.29202,34.68832,3035.0,4.0,1
907,77.2912972,34.6886167,3038.6,3.5,1
908,77.2912917,34.688625,3035.0,7.4,1
909,77.2912917,34.688625,3035.0,3.9,1
910,77.2912917,34.688625,3035.0,4.7,1
911,77.2913056,34.6886667,3035.8,4.8,1
912,77.2913194,34.6886639,3039.3,8.9,1
913,77.2913056,34.6886583,3038.9,7.9,1
914,77.2763833,34.6816056,3030.0,14.0,1
915,77.2764194,34.6815611,3036.1,3.8,1
916,77.3833167,34.9986278,3316.2,6.6,1
917,77.383325,34.9986306,3316.8,6.5,1
918,77.3833167,34.9986306,3317.1,6.1,1
919,77.3832083,34.998725,3315.7,5.0,1
920,77.3832083,34.998725,3315.1,3.5,1
921,77.3832083,34.9987306,3316.4,3.5,1
922,77.3832278,34.9987306,,,1
923,77.3833583,34.9986,,,1
924,77.3833583,34.9986,,,1
925,77.3818444,35.0028,3321.3,3.5,1
926,77.3818444,35.0028,3337.2,4.8,1
927,77.3814306,35.0035083,3323.0,3.7,1
928,77.3814167,35.0035083,3321.7,3.5,1
929,77.3814083,35.0035028,3320.7,3.5,1
930,77.3813167,35.0037639,3321.2,3.7,1
931,77.3813167,35.0037611,3320.8,3.5,1
932,77.3766333,35.0103083,3330.2,14.0,1
933,77.3766417,35.0103222,3329.4,3.5,1
934,77.3766472,35.0103389,3329.5,3.5,1
935,77.3767,35.0104056,3343.3,4.8,1
936,77.3769083,35.0104861,3346.7,14.0,1
937,77.3772972,35.0104417,3325.0,5.8,1
938,77.3772972,35.0104472,3323.4,4.5,1
939,77.3774111,35.0104056,3337.9,4.8,1
940,77.3732528,35.0166167,3341.7,14.0,1
941,77.3732611,35.0166278,3354.8,4.8,1
942,77.3732611,35.0166278,3354.8,4.8,1
943,77.37065,35.0201028,3347.1,8.7,1
944,77.3707056,35.0200722,3346.6,8.4,1
945,77.3707056,35.0200806,3347.0,10.7,1
946,77.3707278,35.0200778,3345.2,11.4,1
947,77.3705667,35.0202667,3331.5,14.0,1
948,77.3705667,35.020275,3333.4,14.0,1
949,77.37065,35.0202111,3329.3,14.0,1
950,77.37065,35.0202111,3329.9,14.0,1
951,77.37065,35.0202111,3345.8,4.8,1
952,77.3706444,35.0202111,3346.5,4.8,1
953,77.3706278,35.0202139,3347.0,4.8,1
954,77.4033806,34.9793889,3409.3,4.7,1
955,77.4033889,34.9794111,3408.3,4.7,1
956,77.4046944,34.9760694,3385.2,4.7,1
957,77.4047,34.9760694,3384.6,4.7,1
958,77.4047083,34.9760694,3385.2,4.7,1
959,77.4097583,34.9724056,3337.0,22.5,1
960,77.4097444,34.9723972,3337.7,24.7,1
961,77.4437111,34.945275,3275.1,14.1,1
962,77.4436722,34.9452167,3270.6,3.5,1
963,77.4434139,34.9451111,3272.6,4.4,1
964,77.4434194,34.9451056,3279.3,3.5,1
965,77.4434444,34.9451139,3278.3,4.8,1
966,77.4434444,34.9451139,3278.3,4.8,1
967,77.4443444,34.9455222,3277.4,4.6,1
968,77.4666972,34.9324139,3271.0,3.5,1
969,77.4667444,34.9323083,3276.5,4.8,1
970,77.4667444,34.9323083,3276.5,4.2,1
971,77.4670028,34.93235,3290.1,5.5,1
972,77.4670333,34.9323278,3290.1,4.4,1
973,77.4674083,34.9324444,3290.4,6.9,1
974,77.4673917,34.9324417,3290.8,3.5,1
975,77.4673694,34.9324389,3290.2,2.8,1
976,77.4673694,34.9324389,3290.2,2.8,1
977,77.4676278,34.9323472,3302.7,11.0,1
978,77.4676667,34.9323583,3284.9,3.5,1
979,77.467675,34.9322778,3283.8,6.2,1
980,77.4685528,34.9328833,3273.7,20.8,1
981,77.4685833,34.9330028,3285.3,13.8,1
982,77.4685139,34.9329917,3287.8,4.8,1
983,77.4685139,34.9329917,3287.8,4.8,1
984,77.4685139,34.9329861,3286.4,5.7,1
985,77.4742194,34.9277167,3285.0,14.0,1
986,77.4743417,34.9276278,3320.4,3.4,1
987,77.4744333,34.9275694,3320.8,4.1,1
988,77.4744333,34.9275694,3320.8,4.5,1
989,77.4744417,34.927425,3321.4,5.9,1
990,77.4744417,34.927425,3321.4,7.1,1
991,77.4744111,34.9274778,3322.2,9.1,1
992,77.474425,34.9274861,3321.5,9.4,1
993,77.4748167,34.9274861,3332.9,6.1,1
994,77.4747556,34.927475,3330.8,7.0,1
995,77.4747167,34.9274667,3327.6,3.3,1
996,77.4747,34.9275639,3324.8,4.8,1
997,77.4746778,34.927575,3324.9,8.5,1
998,77.4746944,34.9275694,3325.1,8.9,1
999,77.474725,34.9276083,3308.4,12.9,1
1000,77.4747083,34.9275972,3318.1,7.1,1
1001,77.4746639,34.9275028,3320.4,3.9,1
1002,77.4746694,34.9275028,3319.5,3.4,1
1003,77.4746778,34.9275028,3318.4,4.0,1
1004,77.4746778,34.9274861,3320.6,3.4,1
1005,77.4746778,34.9274778,3319.2,3.7,1
1006,77.4746778,34.9274778,3319.2,3.8,1
1007,77.4746778,34.9274778,3319.2,4.7,1
1008,77.4746778,34.9274778,3319.2,4.0,1
1009,77.4746639,34.9274583,3319.3,4.8,1
1010,77.4782472,34.9028139,3272.6,5.2,1
1011,77.4782472,34.9028083,3282.2,4.7,1
1012,77.4787,34.8976778,3272.4,14.0,1
1013,77.4787528,34.8976278,3272.0,4.8,1
1014,77.4787444,34.8976389,3272.6,4.8,1
1015,77.4787444,34.8976389,3272.6,4.7,1
1016,77.4787528,34.8976389,3273.0,4.8,1
1017,77.4819111,34.8913806,3267.4,14.0,1
1018,77.4819333,34.8912778,3278.5,4.2,1
1019,77.481925,34.8912917,3280.6,3.8,1
1020,77.4818639,34.8909028,3274.3,14.0,1
1021,77.4818583,34.8909,3270.6,14.0,1
1022,77.4818583,34.8909028,3263.8,3.5,1
1023,77.4870222,34.8758583,3256.6,36.7,1
1024,77.4871139,34.8759167,3255.9,5.4,1
1025,77.4999556,34.8397444,3229.2,3.5,1
1026,77.4999389,34.8397528,3229.4,3.5,1
1027,77.4999389,34.8397472,3229.3,3.5,1
1028,77.4999389,34.8397472,3229.3,4.7,1
1029,77.5027861,34.8361889,3197.3,14.0,1
1030,77.5028083,34.8362111,3201.9,3.6,1
1031,77.5028139,34.8362222,3204.4,3.5,1
1032,77.5028139,34.8362278,3205.2,4.5,1
1033,77.5032667,34.8360972,3205.1,3.4,1
1034,77.5032583,34.8360944,3202.1,3.0,1
1035,77.5032806,34.8360361,3197.3,6.9,1
1036,77.5033417,34.8360444,3201.7,3.3,1
1037,77.5034167,34.8360361,3206.8,3.2,1
1038,77.5035472,34.8362694,3205.1,2.5,1
1039,77.5035472,34.8362806,3204.5,2.2,1
1040,77.5036778,34.8360333,3209.4,3.3,1
1041,77.5036778,34.8360222,3211.9,4.7,1
1042,77.5080639,34.8356028,3199.6,14.0,1
1043,77.5079639,34.8355667,3211.0,6.1,1
1044,77.5122444,34.8215306,3233.3,4.5,1
1045,77.5124056,34.8215722,3238.4,4.8,1
1046,77.5123972,34.8215639,3238.6,7.4,1
1047,77.5123972,34.8215639,3238.6,10.0,1
1048,77.5124806,34.821575,3241.4,7.6,1
1049,77.5124806,34.821575,3241.3,7.2,1
1050,77.5124972,34.8217611,3240.8,6.0,1
1051,77.5124972,34.8217583,3240.7,5.7,1
1052,77.5119639,34.8213389,3235.4,3.7,1
1053,77.5119778,34.8213194,3234.7,3.5,1
1054,77.5119167,34.8213278,3230.4,14.0,1
1055,77.5134111,34.8124889,3246.1,3.6,1
1056,77.5134056,34.8124722,3246.7,3.2,1
1057,77.5133833,34.8124556,3238.1,4.8,1
1058,77.5137417,34.8124194,3236.2,4.5,1
1059,77.5137333,34.8124306,3238.1,13.4,1
1060,77.5137417,34.8124361,3240.3,4.8,1
1061,77.5137417,34.8124361,3239.8,4.8,1
1062,77.4872667,34.8325,3197.6,32.6,1
1063,77.4875111,34.8324194,3217.5,14.0,1
1064,77.4875028,34.8323889,3232.5,4.4,1
1065,77.4874806,34.832425,3227.5,4.8,1
1066,77.4873972,34.8324444,3216.6,3.5,1
1067,77.4874028,34.8324389,3217.3,4.8,1
1068,77.5086222,34.7927778,3200.7,4.5,1
1069,77.5086528,34.7927694,3197.7,3.7,1
1070,77.5086583,34.7927778,3196.0,4.8,1
1071,77.5086583,34.7927889,3195.3,4.8,1
1072,77.5086667,34.7927889,3195.3,4.8,1
1073,77.5321889,34.779025,3196.3,3066.0,1
1074,77.5158472,34.7861889,3190.3,39.6,1
1075,77.5184111,34.7808944,3202.9,48.7,1
1076,77.5184472,34.7806917,3203.3,27.5,1
1077,77.5212167,34.7761028,3188.7,4.8,1
1078,77.5212167,34.7760972,3189.9,4.8,1
1079,77.5216361,34.7753111,3194.0,4.4,1
1080,77.5216361,34.7753333,3195.1,4.7,1
1081,77.5220417,34.7748222,3197.5,4.5,1
1082,77.5220194,34.7748222,3197.7,3.4,1
1083,77.5219639,34.7748194,3194.2,3.5,1
1084,77.5219639,34.7747167,3195.3,4.8,1
1085,77.5219944,34.7747083,3195.8,4.7,1
1086,77.5219639,34.7747222,3195.5,9.8,1
1087,77.5219722,34.7747111,3195.7,10.0,1
1088,77.5219722,34.7747167,3196.0,10.1,1
1089,77.5219806,34.7747167,3195.2,10.7,1
1090,77.5230028,34.7727278,3191.7,3.8,1
1091,77.5291583,34.7574694,3197.3,4.8,1
1092,77.5291667,34.7574694,3199.0,5.4,1
1093,77.5291444,34.7574917,3196.0,3.5,1
1094,77.52925,34.7574833,3197.2,8.5,1
1095,77.5292972,34.7574806,3197.8,9.5,1
1096,77.5293194,34.75745,3195.6,10.3,1
1097,77.5293278,34.7574472,3196.1,10.0,1
1098,77.5293583,34.7574361,3195.1,10.8,1
1099,77.5293583,34.75745,3195.9,11.1,1
1100,77.52935,34.7574528,3197.1,11.2,1
1101,77.5291583,34.7574083,3199.3,3.5,1
1102,77.5291361,34.7574,3200.3,3.5,1
1103,77.52925,34.7571417,3197.9,14.0,1
1104,77.5292583,34.7571333,3197.2,3.5,1
1105,77.5292667,34.7571306,3198.5,3.5,1
1106,77.529275,34.7571222,3200.1,3.5,1
1107,77.529275,34.7571222,3199.6,4.8,1
1108,77.5293361,34.7570278,3197.4,4.8,1
1109,77.5311194,34.7462528,3166.2,3.9,1
1110,77.5311361,34.7462611,3166.2,3.5,1
1111,77.5311278,34.7462722,3166.3,3.5,1
1112,77.5311278,34.7462722,3166.2,3.4,1
1113,77.5311278,34.7462722,3166.2,3.4,1
1114,77.5292806,34.7407194,3164.5,4.0,1
1115,77.5293056,34.7406528,3165.3,3.8,1
1116,77.5306028,34.7366333,3136.4,14.0,1
1117,77.5306167,34.7366417,3149.3,6.8,1
1118,77.5412528,34.7105667,3126.0,15.9,1
1119,77.5413583,34.710675,3146.6,6.5,1
1120,77.5413194,34.7106639,3145.6,5.1,1
1121,77.5413806,34.7106583,3146.7,4.8,1
1122,77.5426639,34.7000167,3175.2,7.5,1
1123,77.5426778,34.6999861,3183.2,4.2,1
1124,77.5426722,34.6999778,3182.3,3.8,1
1125,77.5426722,34.6999806,3182.3,3.5,1
1126,77.5426722,34.6999778,3182.5,4.8,1
1127,77.5505,34.6838583,3125.4,3.5,1
1128,77.5505,34.6838583,3125.4,3.5,1
1129,77.5505,34.6838639,3126.2,3.5,1
1130,77.5505,34.6838611,3126.2,4.8,1
1131,77.5505,34.6838611,3126.2,4.8,1
1132,77.5504389,34.6838583,3121.6,4.2,1
1133,77.5210611,34.8101944,,,1
1134,77.5210639,34.8101889,,,1
1135,77.5210528,34.8101972,,,1
1136,77.5210972,34.8102361,,,1
1137,77.5211333,34.8101972,3214.8,4.7,1
1138,77.5211333,34.8102083,3213.9,6.7,1
1139,77.5212028,34.8102083,3214.3,3.5,1
1140,77.5211556,34.8102306,3213.8,4.8,1
1141,77.5210722,34.8105167,3212.8,3.5,1
1142,77.5211028,34.8104833,3217.6,3.5,1
1143,77.5218806,34.8104972,3214.2,3.5,1
1144,77.5218722,34.8104944,3212.2,3.5,1
1145,77.5219639,34.8104694,3211.9,4.8,1
1146,77.5219639,34.8104694,3211.9,4.8,1
1147,77.5219583,34.8104667,3212.1,7.6,1
1148,77.5219583,34.8104667,3212.1,7.9,1
1149,77.5220611,34.8104556,,,1
1150,77.5220694,34.8104556,,,1
1151,77.5220667,34.8104556,,,1
1152,77.5220639,34.8104639,3210.0,6.2,1
1153,77.5220722,34.8104694,3209.6,6.6,1
1154,77.5224611,34.8104028,3207.4,3.5,1
1155,77.5224528,34.8104056,3207.5,4.8,1
1156,77.5224528,34.8103944,3208.4,4.8,1
1157,77.5224444,34.8104028,3209.5,4.0,1
1158,77.5228111,34.8050556,,,1
1159,77.5228361,34.8047333,3175.0,21.9,1
1160,77.5371861,34.7776611,3173.0,3.5,1
1161,77.5371778,34.7776417,3173.0,3.5,1
1162,77.5363083,34.7779056,3182.8,6.2,1
1163,77.5363306,34.7779361,3180.0,3.5,1
1164,77.5363694,34.7775306,3176.3,3.5,1
1165,77.5364139,34.7765194,3169.8,6.4,1
1166,77.5365361,34.776475,3177.5,3.5,1
1167,77.5364833,34.776475,3175.1,3.5,1
1168,77.5369722,34.7761472,3159.9,59.4,1
1169,77.5366444,34.77605,3173.6,3.5,1
1170,77.5366222,34.7760528,,,1
1171,77.5365667,34.7759583,3172.3,3.5,1
1172,77.5365667,34.77595,3173.3,3.3,1
1173,77.5364694,34.7760806,3177.2,9.9,1
1174,77.5364694,34.7760806,3181.3,10.5,1
1175,77.5364139,34.7761583,3173.5,3.3,1
1176,77.5365361,34.7763722,3171.9,3.8,1
1177,77.5365528,34.776375,3175.5,3.2,1
1178,77.5365611,34.7763667,3173.7,3.3,1
1179,77.5365972,34.7763389,3177.6,,1
1180,77.5365972,34.7763389,3177.6,,1
1181,77.5366444,34.7764194,3163.6,,1
1182,77.5363472,34.7772639,3172.1,,1
1183,77.5363472,34.7772639,3172.1,,1
1184,77.536675,34.7775833,3170.4,3.6,1
1185,77.5367889,34.7776111,3167.6,,1
1186,77.5367889,34.7776111,3167.6,,1
1187,77.5374972,34.7779528,3174.9,3.5,1
1188,77.5374917,34.7779528,3174.7,4.7,1
1189,77.5455861,34.7608,3163.4,12.1,1
1190,77.5457833,34.7606167,3164.8,3.5,1
1191,77.5457833,34.7605972,3165.8,3.5,1
1192,77.54615,34.7608389,3162.2,33.7,1
1193,77.5460056,34.7607583,3162.6,46.0,1
1194,77.5455694,34.7604056,3161.0,3.7,1
1195,77.5455861,34.7604056,3160.9,3.5,1
1196,77.5456083,34.7603917,3162.8,3.5,1
1197,77.5456083,34.7603917,3162.8,4.5,1
1198,77.545525,34.7604,3165.6,4.8,1
1199,77.5803667,34.7005722,3193.9,4.8,1
1200,77.5897306,34.6812333,3202.3,3.5,1
1201,77.5897222,34.6812333,3202.1,4.7,1
1202,77.5773083,34.671425,3127.3,4.2,1
1203,77.5770722,34.6714889,3127.5,3.7,1
1204,77.5770861,34.67155,3128.0,13.3,1
1205,77.5771139,34.6715667,3127.5,,1
1206,77.5771139,34.6715667,3127.5,,1
1207,77.5772861,34.671825,3127.3,3.5,1
1208,77.5772944,34.6718306,3126.9,3.6,1
1209,77.5776444,34.6722806,3128.3,3.2,1
1210,77.5776583,34.672275,3128.2,3.5,1
1211,77.5776889,34.6722972,3126.2,3.4,1
1212,77.5776889,34.6722944,3126.2,3.1,1
1213,77.5938806,34.6766278,3143.1,43.7,1
1214,77.5936194,34.6768139,3172.8,22.7,1
1215,77.5937583,34.6768028,3168.7,6.2,1
1216,77.5937639,34.6768,3167.6,6.0,1
1217,77.5949639,34.6743778,3165.4,14.0,1
1218,77.595025,34.6740722,3152.8,4.8,1
1219,77.5950306,34.6740694,3153.1,4.8,1
1220,77.5950306,34.6740833,3153.1,4.8,1
1221,77.5950306,34.6740833,3153.1,4.8,1
1222,77.5959556,34.6718861,3145.8,4.8,1
1223,77.5959556,34.6718944,3145.9,4.8,1
1224,77.5959556,34.6719056,3146.8,4.8,1
1225,77.5959556,34.6719056,3146.8,4.8,1
1226,77.5959778,34.6718333,3150.0,7.0,1
1227,77.5959778,34.6718361,3150.3,6.3,1
1228,77.5959778,34.6718444,3150.0,5.9,1
1229,77.5958472,34.6691583,3142.0,4.8,1
1230,77.5958861,34.6691583,3143.4,6.5,1
1231,77.5958861,34.6691583,3143.4,6.6,1
1232,77.5958944,34.6689556,3141.8,6.8,1
1233,77.5959778,34.668925,3142.4,6.4,1
1234,77.5965361,34.6684389,3142.9,213.7,1
1235,77.5973972,34.6672139,3139.5,14.0,1
1236,77.5973889,34.6672389,3145.0,14.0,1
1237,77.6144028,34.6277972,3157.5,3.5,1
1238,77.6143889,34.6277861,3157.1,4.7,1
1239,77.6153028,34.6306333,3115.2,1422.6,1
1240,77.6056583,34.6386639,3119.5,7.6,1
1241,77.6063222,34.6385417,3112.7,5.3,1
1242,77.6063528,34.6385417,3111.8,5.7,1
1243,77.6069111,34.6386083,3121.0,17.2,1
1244,77.6069639,34.6385889,3114.1,6.5,1
1245,77.60695,34.638375,3112.9,11.9,1
1246,77.6069417,34.6382917,3110.3,4.8,1
1247,77.6069722,34.6381306,3120.7,5.7,1
1248,77.6070333,34.6373833,3101.7,3.1,1
1249,77.607025,34.6373833,3104.4,4.7,1
1250,77.6070333,34.637375,3105.0,4.7,1
1251,77.607025,34.6373972,3106.6,4.7,1
1252,77.607025,34.6373972,3106.6,4.6,1
1253,77.6073444,34.6373556,3110.5,6.7,1
1254,77.6073306,34.6373528,3111.4,6.6,1
1255,77.6073083,34.6378222,3107.4,12.9,1
1256,77.6074444,34.6378833,3103.2,3.5,1
1257,77.6061694,34.6395333,3109.7,4.2,1
1258,77.6128611,34.6121028,3097.9,73.3,1
1259,77.612175,34.6122167,3107.4,14.0,1
1260,77.6121611,34.6122139,3106.0,4.1,1
1261,77.6121444,34.6121972,3105.4,4.8,1
1262,77.620025,34.634075,3208.9,19.3,1
1263,77.61985,34.6340333,3220.5,14.0,1
1264,77.6162722,34.6280167,3165.1,4.8,1
1265,77.6162861,34.62795,3166.0,3.5,1
1266,77.6162944,34.6279417,3164.7,4.8,1
1267,77.6163722,34.6280861,3163.4,4.8,1
1268,77.6164861,34.6281361,3165.0,4.2,1
1269,77.616525,34.6281583,3163.9,2.4,1
1270,77.6135028,34.6276333,,178.7,1
1271,77.6155167,34.6273639,3173.4,14.0,1
1272,77.6155083,34.6273417,3163.3,7.9,1
1273,77.606225,34.5971667,,3354.1,1
1274,77.6117778,34.6184528,3114.9,3.5,1
1275,77.6117778,34.6184528,3115.2,5.8,1
1276,77.6105278,34.6175306,3111.9,3.5,1
1277,77.6105417,34.6175306,3110.9,4.8,1
1278,77.6105417,34.6175306,3110.9,4.8,1
1279,77.6105417,34.6175306,3110.9,4.8,1
1280,77.6105028,34.6175028,3113.6,13.5,1
1281,77.6104806,34.6175167,3112.7,12.0,1
1282,77.6104806,34.6175167,3112.7,11.8,1
